,sp500,copper,oil,policy_rate,dgs10,yield_curve,market_vol,stock_bond_corr,sim_flag,anti_flag
1976-12-31,0.9819311692575664,0.2554516024774022,0.9172228096520566,-0.6626981613246108,-1.5890422297670443,-0.0860998478521348,-0.7294308266845352,0.654626657383586,0,0
1977-01-31,0.3526690587201986,0.3617445972460022,0.9033559473301233,-0.1552557733442334,-0.8661034979647318,-0.3050534138447018,-0.6479470954324908,0.415238187558124,0,0
1977-02-28,-0.0995997343024019,0.3579593812981406,0.4457547624274397,-0.1305758971449675,-0.7613861040694001,-0.2756669733377384,-1.0281334131979722,0.4066597755288982,0,0
1977-03-31,-0.1608265574665506,0.3101330840832882,0.4022523468066161,-0.2445348154962341,-0.6565645062635241,-0.0729280501213724,-0.5184140376211177,-0.0786535592952078,0,0
1977-04-30,-0.320905690031129,-0.1674235620180243,0.3590873252574784,-0.1988606176804359,-0.627492986699153,-0.1139054465225535,0.0094278542808088,0.3266677174001988,0,0
1977-05-31,-0.2880163281909715,-0.2812850282571758,0.3521495075461099,-0.1549478134186528,-1.0851623930612817,-0.4365013407292561,-0.2806842523788341,0.0472134440597971,0,0
1977-06-30,-0.2882879421730044,-0.4614884424411836,0.3452222325854901,-0.2485767263843322,-1.1722507636357271,-0.3751405969072106,-0.4066902053586275,0.063234425176141,0,0
1977-07-31,-0.3842043546986191,-0.7513911287107932,0.3383044862553109,-0.0400264235965098,-0.8799229286630987,-0.4660780481458995,0.1414646963237561,1.4793087044919515,0,0
1977-08-31,-0.4805083371948354,-0.7112152205745335,0.8184087661433629,0.1904855754742063,-0.7981732194374523,-0.7052337008452157,-0.2151263607825627,2.147517226074313,0,0
1977-09-30,-0.7232041435931845,-0.5036843697979577,-0.0806483704187781,0.412073579048562,-0.4852088893303236,-0.7972393047563091,-0.3998438952476449,1.260788033161167,0,0
1977-10-31,-0.6315027605436578,-0.169441306101552,-0.0844119406406115,0.7096658845303065,-0.0444871231895044,-0.9097946807907308,-0.5264346856528037,1.168924419884391,0,0
1977-11-30,-0.5387457062960153,-0.2049344675615528,-0.0881851970156572,0.7649971343480857,0.3928335225632946,-0.7242958819354505,0.0445412746749215,1.0065685169843126,0,0
1977-12-31,-0.7992633772982508,-0.0769899312925451,-0.0919683443489643,0.9757060409749452,0.9467321252049136,-0.6678591420066317,0.176875500548098,-0.2869330222142291,0,0
1978-01-31,-0.9684657437729136,-0.2659256037739126,-0.095761590103351,1.0236006506524755,0.4007725258214979,-1.0502562984496129,0.1354657434988776,-0.8032829656578733,0,0
1978-02-28,-0.8512986634488117,-0.3876931909051193,-0.099702556437734,0.9889444401223508,0.4687354603240118,-0.9690446684965742,0.4504866412443201,-0.5283746925617648,1,0
1978-03-31,-0.8257956235018548,-0.4691419830420665,-0.103655059835489,0.9289214431090268,0.6590553425222424,-0.7870636833778878,0.0184251924500201,-1.5730238826690868,0,0
1978-04-30,-0.4451454167736414,-0.2544188437928665,-0.1076193432288027,0.962636442226572,0.7400087079115778,-0.7835124561913189,0.3260975977411168,-1.9346028603923544,0,0
1978-05-31,-0.0983674830213362,-0.1167482004254181,-0.1115956530478603,0.789844003976938,1.065567236990113,-0.3787079851046184,0.3502088109210779,-0.2256024143513851,0,0
1978-06-30,-0.1116659644853859,0.0437356137896583,-0.115584239315326,0.9473093029040772,1.5343058390992923,-0.2989006834543381,0.5452106981100745,-0.0943520725800451,0,0
1978-07-31,-0.2009921762631004,0.1647381908152092,-0.1195853557434396,1.0064598516348011,1.1570806084480334,-0.5932657573792194,0.1038890215008678,-1.3688645138801334,0,0
1978-08-31,0.4288774394007097,0.4767155536871951,-0.6178576713411031,0.8637835323664392,1.1027593514223517,-0.4445018158408003,-0.0366594045979216,-2.724455850147437,0,0
1978-09-30,0.5320649999677755,0.4395293774295825,-0.6178576713411031,1.1191629571642383,1.137258834515482,-0.7498742555196352,0.4574801181814875,-1.705040612786231,0,0
1978-10-31,0.2900546930844031,0.5210758551926772,-0.6178576713411031,0.986611534679703,1.3539280413572323,-0.452200265733497,0.7417459305767744,-1.8416456203426836,0,0
1978-11-30,0.0435405207754858,0.5171275335588257,-0.6178576713411031,1.3847547570211107,1.2940662142198838,-1.0021664381223945,0.9526699393357264,-1.9324252282504375,0,0
1978-12-31,0.1778106516511787,0.4626166528222788,-0.6178576713411031,1.632338602037113,1.349478191988823,-1.294571595311322,0.8002076722335703,-1.2719404101813143,0,0
1979-01-31,0.6731132228494298,0.6778100595994597,-0.6178576713411031,1.552088853650372,0.8966348754403867,-1.4672404465047384,0.1220257629031553,-1.3411730794448988,0,0
1979-02-28,0.659832541532787,1.2409923544563366,-0.0978845035387869,1.5081587747420937,1.0372089218369769,-1.3318487162339712,0.0392581095100136,-1.6117673937606565,0,0
1979-03-31,0.7996072756910082,1.3386495975074144,-0.1015891446271993,1.6601572940858875,0.8211193003949426,-1.66060484604441,0.0011149194793548,-0.1820977717520004,0,0
1979-04-30,0.6656591038621886,1.351791309507504,-0.1048414413793252,1.6198819295759082,0.9950996920966316,-1.51209446376973,-0.6779504423133017,0.1036515705009546,0,0
1979-05-31,0.1788866016761257,1.0075963803979322,1.062506028267885,1.605839022742722,0.419612099440121,-1.8282076661187296,-0.1546975307302919,-0.6415365158717654,0,0
1979-06-30,0.2948463921220871,0.8667930110829124,1.5551411072900536,1.1160406967177097,-0.1235255155414965,-1.5026029282131572,-0.5340368096104683,-1.084213477926776,0,1
1979-07-31,0.3902379125297628,0.746947305318534,2.8085633762024695,1.056522179279039,0.2062143792529026,-1.2344775862075543,-0.0614765326315423,-0.9403177125995708,0,0
1979-08-31,0.2467414634141887,0.8745725488902157,3.0,1.1656394507272825,0.7117420538629899,-1.0904966671654173,-0.1891991718264335,0.2710707520104165,0,1
1979-09-30,0.3233800706510851,1.04935132096219,3.0,1.1443296181783271,0.7745177958695454,-1.03464309431483,0.1900188290011694,0.3708777955694148,0,0
1979-10-31,0.4612353643586729,0.9012459659686682,3.0,1.8192261231464768,1.8723916490550712,-1.3063312525056192,0.3088465450422684,-0.8671094164250632,0,0
1979-11-30,0.6020184976074215,0.966901940482658,3.0,1.502169096150775,1.5698443409352263,-1.0738368719289553,-0.943053831128208,-0.9521760153622422,0,0
1979-12-31,0.7755068736416801,1.0866700792845467,3.0,1.3885578614727925,1.1572583324234835,-1.1603659493516565,-0.99845657794259,-0.4479453412446662,0,0
1980-01-31,0.7280862156732335,1.5162973612690211,3.0,1.2153610793826188,2.388718428105369,-0.2687452308050729,0.228570827564397,1.694696638717377,0,1
1980-02-29,1.118224984124197,1.548578852828174,3.0,1.655555155723308,3.0,0.0550705632162279,0.7827863470430851,3.0,0,1
1980-03-31,0.2430227308516966,0.3336297415586572,3.0,2.6863158859349987,3.0,-1.4139109353957635,1.908927213806062,3.0,0,1
1980-04-30,-0.0244398377885659,-0.147259732601194,3.0,1.6510147301118023,1.2158504266378,-1.4793833313027789,1.257957482822165,3.0,0,1
1980-05-31,0.4578271356739393,0.0940225527071476,3.0,-0.7258889306674892,0.9744755692810276,1.5435652238152235,0.3951980217970914,2.321376884943649,0,1
1980-06-30,0.7965947652671852,0.1209563117780299,3.0,-1.1887448740926383,1.0689985895670198,2.183625179375023,0.7418319057646204,2.198598193364507,0,1
1980-07-31,1.082876488494179,0.5122438826577728,2.6677962148206875,-0.7829163539173681,1.5677682930295564,1.928895797962654,0.3942592553815834,2.357302809373299,0,0
1980-08-31,0.9942104931441084,0.0702099226785052,1.4993202149446532,-0.3924111712200206,2.12976215958527,1.755281372191686,1.1347128845718846,2.0374235822494247,0,0
1980-09-30,1.1063899254639018,-0.1755738889838571,0.7643492684795483,-0.1985823418891824,2.1833999343364354,1.5479247138065877,0.8202436008709599,1.7982608713524355,0,1
1980-10-31,1.5788389691225098,-0.181410060290155,0.6632609847492912,-0.2479563700588485,1.4365227120624988,1.1719746590288722,-0.156131007425044,3.0,0,1
1980-11-30,2.043450886145109,-0.2646966431637592,0.2951055558342217,0.7434651965355005,2.0185552002558897,0.2830939093739245,0.4570414095727683,2.89637749979155,0,1
1980-12-31,1.5626037491925997,-0.710809243003856,0.1985466202130428,1.475215792551999,1.7414794237719569,-0.8062727298527772,1.3503834028660402,2.806535826355947,0,1
1981-01-31,1.288187686463297,-1.3915082010898308,0.3717720626670854,1.245376371123889,1.1566546427846542,-0.8672210602246708,0.1627122272948832,1.9020647345264368,0,1
1981-02-28,0.6546094870529562,-2.025429841842495,-0.4443867485108684,0.6818647496465255,0.2559446005670832,-0.696059991206489,-0.2991848791836219,-0.0073926915983336,0,1
1981-03-31,1.7038023819283832,-0.9571388449366992,-0.625103939909876,-1.2733721916336904,0.0033530118038559,1.566085124132334,-1.0413656366479809,-0.5287318730691629,0,1
1981-04-30,1.8747159931999091,-0.554018992608506,-0.8924978878697318,-0.0790807287196291,3.0,1.8689216621790452,-1.239501268815974,-0.805805196956138,0,1
1981-05-31,1.3706107287926472,-0.6368004336800175,-0.8882379032325748,3.0,2.8347392066334964,-2.6385396811434414,-0.4540579702214715,-0.0250368698558364,0,1
1981-06-30,0.9464125510372804,-0.6573081446856079,-1.2372481816775187,3.0,3.0,-2.2161386158203698,-0.349871976408976,0.2254593280596132,0,1
1981-07-31,0.3786739931421606,-0.9741194680970692,-1.225480937933756,2.8195080889857715,3.0,-1.6349750130233855,-0.2394630403552278,-0.4585871294464392,0,0
1981-08-31,0.1652429476836655,-0.6310309778279004,-0.9517920178288076,2.494941464769661,3.0,-1.3382736627434644,-0.1225141121072835,-0.2722532781948414,0,0
1981-09-30,-0.8169204136462451,-0.7210196649855806,-0.5949457873767111,1.5697750172793683,3.0,-0.1147157656975926,-0.0795448345153823,-0.7122046082195033,0,1
1981-10-31,-0.959087378245372,-0.7567593217243721,-0.770282622518225,0.414187676246847,1.3275129494935052,0.2967813955120039,-0.0938218401021966,-1.0340646985092703,0,0
1981-11-30,-1.104249208030394,-0.7255080742287787,-0.5918685979537516,-1.75668817891425,-0.3421685420327588,2.0350599108172105,-0.2880263624173652,-1.4074474984453156,0,1
1981-12-31,-0.8765404763909301,-0.4924784530343281,-0.9425211394872368,-2.486150051450687,0.7261846233988091,3.0,-1.1420283898521124,-1.5695188002671667,0,1
1982-01-31,-1.2687631204837273,-0.5463153549559111,-1.3103186937480418,-1.625078210829625,0.6291958280506993,2.3407840734931717,0.5682053824249801,-1.4853420744411752,0,0
1982-02-28,-1.127162440065394,-0.4475547836926494,-1.686780356637144,-0.990832663133597,-0.1977481488377878,1.097828483387401,0.6712084360032785,-0.9238092154346016,0,0
1982-03-31,-1.6716257322660095,-0.6201924113502212,-2.169344810797197,-0.7093793306700291,0.2293275371900913,0.990941167154774,-0.226003014151059,-0.7116427283100246,0,1
1982-04-30,-1.3573317051831733,-0.6028897565116336,-1.3036171717314549,-0.8403687215280469,-1.0009991833878351,0.4659324661801899,0.2462644926024156,-0.919943955691037,0,0
1982-05-31,-1.151497814832597,-0.4558202433942399,-0.8765445757610525,-2.19171999907311,-0.5775123081492627,2.345132546569007,-0.1921490964981424,-1.282415846436408,1,0
1982-06-30,-1.6047908108744886,-0.7623849900860952,-0.6809534111900521,-1.3434057242307391,-0.2334620564534468,1.4982651300525085,0.3022148140754498,-1.5414503632112644,0,0
1982-07-31,-1.387691403629826,-0.4916356905249686,-0.8314075603915968,-1.886165413895481,-1.741124278219777,1.3616629951747892,-0.1192640812812422,-1.1396286088529948,0,0
1982-08-31,-1.3751386483110477,-0.645804168612437,-0.8623825436339926,-3.0,-3.0,2.137544199488682,1.813859793902337,-1.4607225886439916,0,1
1982-09-30,0.1928948125242204,-0.5542674468104047,-0.5774919673573681,-2.946728876556899,-3.0,1.3355463464590782,-0.385491547507019,-2.07605164064224,0,1
1982-10-31,0.5542461959351751,-0.4209129051555929,-0.4010492602354307,-2.488840347188038,-3.0,0.9461613614402806,1.556518242714276,-2.084693878091599,0,1
1982-11-30,0.9315223625232928,-0.4216634755595805,-0.8250614841554746,-1.3126574617780846,-2.380685949684244,0.2179679464464574,1.496473890737315,-1.711704979170263,0,1
1982-12-31,0.960823672880021,-0.3763059813239849,-1.0581327179588549,-1.3354591804951472,-3.0,-0.357528752723728,0.9564108450372808,-1.652556840594099,0,0
1983-01-31,1.6904922103341775,-0.134683216585369,-0.9474929432519984,-1.855756287811684,-2.870471305023777,0.5212963138983882,0.2085054885788676,-1.7432941866918314,0,0
1983-02-28,1.992041678338841,0.0142040383908581,-0.9330077960597206,-2.144379741616953,-3.0,0.7715603875454264,-0.6439004903598816,-2.3037194033191293,0,1
1983-03-31,2.472507444204744,0.0822804954584345,-0.4397623879600933,-1.7276529764814637,-2.7677206857197576,0.3438614430677519,-0.5901284771170028,-2.3314707578049827,0,0
1983-04-30,2.4094580382184616,0.1975768736669229,-0.9654382096511918,-1.7453836167396546,-2.6859824006373083,0.3933190059094318,-0.0979633253219951,-2.7599868837842125,0,0
1983-05-31,2.684661132891533,0.3437169380274367,-1.4612673881583411,-1.5057810164471848,-2.166328807628078,0.4381203545821583,0.1461125053944188,-2.319259367363968,0,0
1983-06-30,3.0,0.624920611329137,-1.1424036335859964,-1.4022315647934802,-2.4498554163118142,0.0247771723096832,-0.2179591116545575,-1.9966366198087608,0,0
1983-07-31,2.9686139856041276,0.4062583916562666,-0.8781016712328722,-0.8915272153405006,-1.4517150498949192,0.08858424392709,0.8844357459582493,-2.2207954971511548,0,0
1983-08-31,2.5998689957824497,0.2944761687180638,-0.7968785090471519,0.1558907413734067,-0.7688714843947053,-0.8743863852700717,-2.1754920916633145,-2.3315216356334685,0,1
1983-09-30,2.1184348714739327,0.2134249615644223,-1.190123894633755,0.3150363575291465,-0.4327353218273029,-0.829328252900317,-0.810612690011631,-1.589507905562063,0,1
1983-10-31,1.6290219162767527,-0.0499663874726536,-1.2957103745417795,0.2665466768981637,0.3753591366412947,-0.0690903789419934,-2.245643708948211,-1.6215732678942096,0,0
1983-11-30,1.1440841002980344,-0.0835622784318303,-1.1276330930572682,0.1881452180954862,0.2562658717600254,-0.0555105524098029,-2.381417381379872,-1.644442665128597,0,1
1983-12-31,1.0194645448709914,-0.0717290304849411,-0.8259970613642241,0.3264406790236433,0.6313367674292042,0.0679175352285295,-1.422338527078313,-1.7008689738732696,0,0
1984-01-31,0.8547128906655473,-0.3148658157545055,-0.6573698384062008,0.3239066922086338,0.2671107967895747,-0.2465817899141956,-1.5047996462545363,-1.6208684544614038,0,0
1984-02-29,0.2381616726578778,-0.3410018852032768,-0.2168479746518151,0.3039767016225062,0.809832473206151,0.2625238111922348,0.1041330683366962,-1.0843047585026184,0,0
1984-03-31,-0.0337189675443828,-0.0907034641705718,-0.090588391291037,0.3754471936737524,0.8863459462242147,0.227412948853486,0.2074764304351669,-0.9666214461024162,0,0
1984-04-30,-0.3394442147103376,-0.1604427651705185,-0.3942982332058111,0.4903809931189405,1.2605405736823043,0.3969628126337795,-0.0625039951043244,-0.4539224969135311,0,0
1984-05-31,-0.7405182504940022,-0.5625629047999261,-0.3038697549191366,0.5494954705523382,1.564824633710968,0.597141262892582,-0.4067323649370949,-0.8420073200169386,1,0
1984-06-30,-1.0518225340955611,-0.5285576305898798,-0.5453641830428176,0.3445135738162193,1.410157633958647,0.7718638285204966,0.3115793772335173,-0.8210107725201469,1,0
1984-07-31,-1.2038788843146386,-0.605247102373518,-0.8354648730968287,0.3253365263671784,0.3776637492784952,-0.1405633586907471,-0.9622973259043504,-0.2422037721786096,0,0
1984-08-31,-0.2576406723119755,-0.4546079753485934,-0.7829905128605809,0.3553341149300901,0.1758386343154428,-0.3694910665807424,0.4375989597183958,0.0602486408640434,0,0
1984-09-30,-0.4542496140377713,-0.3844759059332542,-0.6334479182673445,0.4373998700127181,0.3066573745022519,-0.3732202335867183,0.0436656340041708,0.3361198273396145,0,0
1984-10-31,-0.4185755733927917,-0.1714584031202508,-0.5976985417531036,0.3365768697015592,-0.2707914565916645,-0.7480616692800941,0.2267014741049974,0.6047607122015818,0,0
1984-11-30,-0.376763412037661,0.0677430433906108,-0.6024148393522475,-0.1178407818205125,-0.3252374595349921,-0.1205582176766191,0.3714454250265261,0.606825909046921,0,0
1984-12-31,-0.456296795188173,-0.0571183125164806,-0.9220912108002618,-0.4024919527720855,-0.4518040193509551,0.1887834701630304,0.866352088439646,0.6092046809101083,0,0
1985-01-31,0.2513602972466981,0.0996684205572836,-0.950160598093848,-0.4764702592043541,-0.5824710353640153,0.1794827667083766,0.5406316530813123,0.5688293430777193,0,0
1985-02-28,0.876378612737662,0.0270248430750457,-0.7538085567521624,-0.3631536803984964,-0.3599816230892874,0.2136977443244466,-0.9076787740304328,0.4944905637024205,0,0
1985-03-31,0.8248527393781446,-0.1625802940799313,-0.6912482232645737,-0.4343921646735056,-0.7951122502677306,-0.0847030504625704,-0.3114368260530612,0.5284777681943946,0,0
1985-04-30,0.7493684775366303,-0.0056964141453589,-0.5727471991153401,-0.7090829433904754,-1.092809678085945,0.0455047783760619,-0.4964409479123393,0.7622220406075509,0,0
1985-05-31,1.372079058642418,0.3372351398669324,-0.7395043483969208,-0.936041547374803,-2.3237413312389537,-0.839562264241952,0.1802604441846612,0.6562905074338371,0,0
1985-06-30,1.6843116912779663,0.1977122032716675,-0.7211273308127599,-1.142426078686387,-2.2337005883390253,-0.4829572017918275,-0.5866698290205068,0.9915610995312204,0,0
1985-07-31,1.7144683360841142,0.4071415168745871,-0.4938521643403388,-1.176253695043426,-1.5036094444210266,0.3022848558042251,-0.0009225075621385,0.404132786750926,0,0
1985-08-31,0.7878951131445485,0.2168024731485932,-0.5014374358153775,-1.2759060127922806,-1.5697833318524566,0.3823105384882078,-1.0264692884044613,0.2201443304088351,0,0
1985-09-30,0.3059413623238274,0.1802244195161404,-0.4230787327061037,-1.243320549886189,-1.3538981227223938,0.5566597992974095,-0.0101429154382546,0.8621361528672277,0,0
1985-10-31,0.7490410568799009,0.2870820738876586,-0.1385492075217869,-0.9879745984763112,-1.1312221686442712,0.382483084540746,-0.574762399928966,1.2257401309866218,0,0
1985-11-30,1.444714128157762,0.0232579653130995,0.166912354832137,-0.5540699516783303,-1.2264621432344174,-0.4277178008884308,-0.1794576142122012,0.9546925084902712,0,0
1985-12-31,2.033330001968749,0.1524557974770079,0.0187424668494622,-0.4087550457682427,-1.5017966571872183,-0.9769954264361052,0.0651825972351144,0.8215882815555862,0,0
1986-01-31,1.2407162004232484,0.1191895441529318,-0.6921209416904861,-0.3135235053745532,-1.236811690368413,-0.8515907412311554,0.7058509907033238,0.6333683114691246,0,0
1986-02-28,1.9707710197558583,-0.0072363592979556,-2.087660569597373,-0.4995983753792207,-2.079348372059618,-1.505280447662033,0.3558516066170049,0.1832636154135422,0,0
1986-03-31,2.577702705753594,0.1040481055116812,-2.582125145979484,-0.7647248846505383,-2.263559970858662,-1.3271739398876032,0.560223527442227,-0.2505028412098133,0,1
1986-04-30,2.3651621595681553,-0.2521478528226791,-2.5401665053212508,-0.7346964028862342,-2.093399534781591,-1.2167642278750683,1.8449703432857347,-0.2937219921883541,0,0
1986-05-31,2.3966092616066694,-0.375818048319728,-1.9356886690497053,-0.5284595788338365,-1.1737303104013015,-0.5035795648763589,0.8134839227904834,0.14600580661229,0,0
1986-06-30,2.3783919114776113,-0.0923379726148819,-2.095085809208612,-0.3136186954504705,-1.482774323967977,-1.2059772145151006,0.8193968546481825,-0.1971885346747846,0,0
1986-07-31,1.6474825360099916,-0.4115775053207427,-2.3172183607846715,-0.4957680473864532,-1.6163781470524885,-1.086928912293767,1.4182342805777706,0.0791411379938112,0,0
1986-08-31,2.514538106161822,-0.3632732927890347,-1.8443901270282093,-0.6239265135656574,-1.6359677608072096,-0.925934913428089,0.5587405354028361,0.2174703781622979,1,0
1986-09-30,1.7482201355434552,-0.0635419959462577,-1.895063301066764,-0.7221412879298266,-1.3906137420056732,-0.4966616211160235,2.279969229257694,-0.8444822794085274,0,0
1986-10-31,1.938426311461374,-0.2050890601728468,-2.017662337341997,-0.7504016702894266,-1.2819964742840768,-0.3332744965852526,0.2698261375871079,-1.167395468771426,0,0
1986-11-30,1.571298686577317,-0.1961661462068676,-2.0813604289677854,-0.7134309874931393,-1.1618406605690883,-0.2537292420350016,0.9790216457982316,-0.827563795686893,0,0
1986-12-31,0.8065164002203803,-0.1583693323416929,-1.4724634893074728,-0.5970940072585986,-0.838489077880281,-0.0551579466750641,0.0313294305513967,-0.6167725443442097,0,0
1987-01-31,2.2064525081729967,-0.2029355413646983,-0.5772257850927373,-0.6170264974600368,-0.8913449475911333,-0.0884095524329591,-0.1627852268581551,-0.0211015512377308,0,0
1987-02-28,1.9274562144963996,-0.0565975158806254,0.2711064781450431,-0.5519240711632385,-0.4348683788112777,0.3530311053138063,0.3416290286054829,0.6555531181890305,0,0
1987-03-31,1.6880323767800989,0.0874886981003351,0.7049765070551804,-0.3718284635757934,0.0643524213025879,0.6625186679353477,0.4970072037555992,1.0993636849580857,0,0
1987-04-30,1.6542151239772342,0.1719764306863044,0.7132419710347218,-0.1755584631516734,0.3953163198537047,0.7452732865571656,1.1324263171912727,0.9608019501623428,0,0
1987-05-31,1.1870117359689996,0.3233997998594848,0.4757282257830023,-0.1997329533339208,0.2072427542589637,0.559376761018,1.0008709034001233,0.8070128214387949,0,0
1987-06-30,1.6123822518111584,0.4864646152100051,0.8018670833290028,-0.2170813211746821,0.4788551319572581,0.9058261457032112,-0.7357274382954231,0.8032826985973501,0,0
1987-07-31,2.7808217533101645,1.0493502208668226,1.198266013040321,-0.0742985658396937,0.6079338417290981,0.8335263858081419,-1.5367520797135708,0.5390118319598046,0,1
1987-08-31,2.456030766458004,1.3378935649885833,0.6089540199090504,0.1567506119938753,0.9389999068922954,0.8652997272381574,0.5317164531037863,0.5419421535623808,0,0
1987-09-30,2.8959733282190796,1.3458264362593748,0.5320250314633812,0.397418691389182,0.9869270306355956,0.5514220577857654,-0.9292793775605712,0.583026635005797,0,0
1987-10-31,-0.4392483678505274,1.862106679252581,0.5756365980890064,0.3129298820360756,0.6811269715223373,0.3223889205776051,3.0,2.243927083671644,0,1
1987-11-30,-1.5075668319666802,3.0,0.4095489750886802,0.098762990954683,0.8139591304231597,0.8152201161067946,1.545699906460525,2.0995491374233253,0,1
1987-12-31,-0.5574752018184798,3.0,0.0860638947909086,0.0676131560327174,0.6988554214928097,0.7268733174999766,1.6045972382108964,2.0352324924257794,0,0
1988-01-31,-1.4393843243595854,3.0,-0.248875731119275,0.1220674028752097,0.4547299805864406,0.3532642831001683,1.8501251189968264,1.6882543562356278,0,0
1988-02-29,-1.409839622510802,2.185803280065651,-0.1789787598986097,0.0163539373356815,0.4019753803725823,0.4549674115436805,0.1221952677386903,1.4230018074015842,0,0
1988-03-31,-2.040597626951859,1.9926927176628,-0.3185618979544589,0.0354465862550198,0.442279396099195,0.4740919819487901,-0.3196088733038991,1.1518263278160557,0,1
1988-04-30,-1.786756517383277,1.7296207870360147,-0.1494041190085744,0.0974093862611174,0.2571825999073414,0.1572392551484702,-0.3949908460605713,1.1894072313157162,0,0
1988-05-31,-1.7937339926350344,1.9806589589943404,-0.2994543766057195,0.2187035156249465,0.2817956327477746,-0.0007876275139224,-0.2046836071798619,1.351314900159035,1,0
1988-06-30,-1.8611410757738216,2.023580306438641,-0.4877620440094955,0.2901400942800385,0.1604428461478043,-0.2562398534779407,0.3603335801507761,1.2393794626750891,0,0
1988-07-31,-2.413912732868012,0.9605666421640388,-0.7764862966900995,0.3829511235803092,0.1725289047759213,-0.3846417037367152,0.5236596641622683,1.4339669947876774,0,0
1988-08-31,-3.0,0.7820008359418595,-0.6306547863307107,0.3777643687054994,0.078191155408612,-0.4886773225551862,-0.3686185986374837,1.2924268199095492,0,0
1988-09-30,-2.3416144262365304,1.1868237147164602,-0.6630671529763982,0.3170450339570168,-0.3850988214428621,-0.944321194325328,-0.7925689444658902,1.4296548694978175,0,0
1988-10-31,0.3748987384448178,1.947399104985245,-0.7794226801531394,0.4567052059219288,-0.1321645711248924,-0.8544871820563621,-3.0,-0.1523391747770056,0,1
1988-11-30,0.9331097355181418,1.489305710599358,-0.6342448505735466,0.7665918642724266,0.0126980729609483,-1.1511947364994586,-1.5268032377459877,-0.0136410325630593,0,0
1988-12-31,0.4751235834117143,1.136770780050269,-0.1360527888008974,0.853848455697097,0.1292062194764105,-1.1421535952569637,-1.6818279996653192,0.1172512256536007,0,0
1989-01-31,0.8081314645752703,1.3487051577174498,0.088345093672031,0.9145313427456572,0.3363367587104201,-0.9898810066068792,-1.976929696739282,0.0259802530991066,0,0
1989-02-28,0.1239095000444076,1.4265294655886902,0.118097097585318,1.0635705678635314,0.5282014646802511,-0.9901547404371488,-0.2970855267799653,0.3305084159677322,0,0
1989-03-31,0.6412309798417504,1.726784253542168,0.3870260718164623,1.154946097611924,0.3278429380419388,-1.3625920338529702,-0.1602509353261554,0.7111303590497958,0,0
1989-04-30,1.058273259082117,1.5630197534958044,0.3766728907150357,1.0195372713681383,0.0599482085631738,-1.4654869541226994,-0.8547820356178546,0.6060275664501511,0,0
1989-05-31,1.38388044783122,0.3701721302925873,0.305975894883392,0.8176762760054476,-0.2869248682916176,-1.560989174623476,-0.5452823949555378,0.0681231686172726,0,0
1989-06-30,0.8881119779061081,-0.2570726806940475,0.4172136615238259,0.6452534215812843,-0.339489141819068,-1.3604486868037522,-0.2248479255510508,0.2136055320905428,0,0
1989-07-31,1.867056917343704,0.3868727383834555,0.5050870766432272,0.4519734212170945,-0.6037101156315493,-1.3742513602512685,-0.5006525829008275,0.0099710935647035,1,0
1989-08-31,2.332489907454357,0.9922048718716742,0.3731855512931246,0.3442873956306663,-0.4513384054502927,-1.0343053989706936,-0.0066621933985528,0.312794151295697,0,0
1989-09-30,1.8625180197133189,0.7461700176452636,0.6585484347293468,0.2295288072287058,-0.2445917311993256,-0.6237690281642195,-0.2829694311918491,0.7175367441552418,0,0
1989-10-31,1.316463607767378,-0.4295443573813389,0.8251488714739309,0.1601985803824697,-0.3152894059836226,-0.6029144956115419,0.9766828893742728,0.8632610695013607,0,0
1989-11-30,1.6385435441848737,-1.8236648533964008,0.7908086436219689,0.0364741052379588,-0.5352033962871684,-0.6774124170331752,-0.2277576512571219,0.8159080197565501,0,0
1989-12-31,1.7104752955702889,-2.557904570916667,0.6853404528946774,-0.0919786452522817,-0.5213176157486201,-0.4754303780406106,0.1505769522517238,0.7143961204477761,0,1
1990-01-31,0.293991448418848,-2.383344046229534,0.6935942683745625,-0.1539644370313183,-0.2153112467387021,-0.0269098673244244,0.5462960224486167,0.5037653663384039,0,0
1990-02-28,0.651721519169188,-1.7275780636753804,0.6856555980931706,-0.2025487046045591,-0.3106207038900628,-0.0652799832465532,0.0393554371204565,0.2330852500894863,0,0
1990-03-31,0.7056721095900486,-1.4844326713717475,0.2505024243435749,-0.2362085198180339,-0.2203006858232353,0.0835310298810205,-0.0970857270860406,-0.0328463047620683,0,0
1990-04-30,-0.0637500731040864,-1.025795674885286,-0.2425357062688762,-0.2077432731692351,0.1102234018225323,0.4204691850930007,0.0328309801624598,0.0881260447727532,0,0
1990-05-31,0.5532604157299902,-0.0881936566985451,-0.1132179888162999,-0.1339922152496902,0.105524895944226,0.3120924840708171,0.0007448170619663,0.08741173448157,0,0
1990-06-30,0.5242355148589463,-0.0100059667879268,-0.3220747315814378,-0.032750478773579,0.2704974094244516,0.3620430789360467,-0.016027777442099,0.0755189561521164,0,0
1990-07-31,-0.4321561140839174,0.4786138454351791,0.086305715446973,0.0274309320045787,0.3790619742040422,0.4046078422199867,0.2564462853435263,0.1744746466159959,0,0
1990-08-31,-1.6467822900883533,0.3267815392246184,1.905645596687156,-0.0474522139642054,0.4178114844526115,0.5604372311868542,1.0623401403128343,-0.5614566740901061,0,1
1990-09-30,-2.0432304042374607,0.2203852376143721,2.850339390624145,-0.0224270225021583,0.3839134845942162,0.4842045328721244,0.6870724815885519,-0.8256127986455417,0,1
1990-10-31,-1.79338674172011,-0.3483919205758574,3.0,-0.0527594449005302,0.4986162682805492,0.6635379932588046,-0.4159806223970748,-3.0,0,1
1990-11-30,-1.382805853115518,-0.1076840441161188,2.4053028853330836,-0.1078901249018941,0.3548592326495467,0.5721368084017705,0.537602060233505,-3.0,0,1
1990-12-31,-1.3422702553590464,0.0406907173927294,1.3114789465815748,-0.198525988254322,0.2292601542503075,0.5555762407944794,0.0520394218661447,-3.0,0,0
1991-01-31,-0.1932618933615339,0.0593671403257981,0.6347572368838488,-0.3987618642738477,-0.0394305936195983,0.5330067012260219,0.2079186978073995,-3.0,0,1
1991-02-28,0.4141451135486208,0.0549754822453604,-0.0434915003843894,-0.5408562173352596,-0.0799181588164083,0.6907455823472376,0.3210910630728821,-2.836302151885628,0,1
1991-03-31,0.4152760014791692,-0.639498420504179,0.1369151068040208,-0.616980615055072,-0.1310216613826106,0.7456516615486929,0.1437683678901468,-2.600265900618339,0,0
1991-04-30,0.6898974640136881,-0.6362122140473527,0.6199460065458696,-0.659932373641798,-0.3297851761371895,0.5892919044956064,0.3795661469218157,-2.538183505619607,0,0
1991-05-31,0.2092613775572952,-1.132371997454038,0.7446987003448833,-0.7235154992907786,-0.0682311348059462,0.9654302701381564,0.1408769683323578,-2.177991808638994,0,0
1991-06-30,-0.2544837359907191,-0.970668665381996,0.7891358395617161,-0.6720641771152109,0.133937163602321,1.099249571082474,-0.095340817974211,-2.159530159369232,0,0
1991-07-31,0.2968635660945058,-1.34689804593264,0.68491305446884,-0.6143966841283244,0.1717942347761832,1.0305509155475436,-0.2680051217524413,-1.9928435138136364,1,0
1991-08-31,1.5063771681731462,-1.7497835843134069,-0.7438271001282245,-0.6483183607443576,-0.2913263245717182,0.5122378731087339,-0.8217405400798404,-1.50773000625499,0,0
1991-09-30,1.734352298582972,-1.690572305392944,-1.8009703947152989,-0.6482667687931446,-0.4508526753479215,0.3203695828868683,-0.7492837942853213,-1.343459230950036,0,1
1991-10-31,1.88527348622288,-0.9685316051514488,-1.9023742418325391,-0.6553845229280205,-0.3410795957948163,0.4503199677415521,-0.757542536754446,0.663410739691148,0,0
1991-11-30,0.8351567866310846,-0.5886872579590683,-1.396260974268826,-0.8199970296629426,-0.1619219772321255,0.8660650923082692,-0.0951667806148726,0.9537295383026868,0,0
1991-12-31,1.7862540549491954,-0.7119669269923818,-1.047004510189247,-0.9253486430049028,-0.433534211198443,0.7301419155043811,0.183598406720091,0.6215720744955692,0,0
1992-01-31,1.128879400878926,-0.814508082999831,-0.7636846449581391,-0.799513408057816,-0.0454262923355316,1.0488767275927449,-0.7021111689868248,0.5497792302972099,0,0
1992-02-29,0.5591797824045275,-0.6678567818101337,-0.0056251200672456,-0.6309680167906747,-0.0565177029114115,0.8068140693485386,-0.4795983508027849,0.5195502226676935,0,0
1992-03-31,0.0470867884754564,-0.5360028015075777,0.0802314575211467,-0.5074733619318107,0.0921700418046196,0.8178160437258455,-0.4294121591355115,0.3802617523916003,0,0
1992-04-30,0.3628891831412445,-0.7018283216225273,0.1358384423908055,-0.5183714198255226,0.151892712349402,0.9034966027122924,-0.0944410834946314,0.4911963652577741,1,0
1992-05-31,-0.0646881349284147,-0.3340258571034042,0.1803267165746445,-0.4982867687187942,-0.0319253445815535,0.67042060095043,-0.2641970633773589,0.5501930680890922,1,0
1992-06-30,0.264433275327432,0.0324033643641363,0.5911773548849087,-0.5416877370637964,-0.2422471988739059,0.4763184310728341,-0.1855033487607584,0.4189278573770108,0,0
1992-07-31,0.2349120400359894,0.4774995297576334,0.2796446144224332,-0.7897637090302587,-0.4639073809299559,0.5540430624728766,0.0164619344836866,0.4081579092108289,0,0
1992-08-31,-0.3176407427211724,0.4769218868615138,0.1638689328328638,-0.7508244590759281,-0.3070661902375354,0.6845769471316812,-0.7124314575828598,0.2218237696811382,0,0
1992-09-30,0.0229023032500948,0.0256241875040144,0.2274024777815501,-0.8669730543494494,-0.2672374151032038,0.8719809173945225,0.2638298733192677,0.0105634605584422,1,0
1992-10-31,-0.0953139574517182,-0.4333263487593897,-0.0349142183116228,-0.8086839724547717,-0.0244907844302436,1.0791216518839564,-0.0341702216952974,-0.128460200555269,1,0
1992-11-30,0.8113228441241059,-0.6728884468853253,-0.1321924724662407,-0.4082420297671971,0.1135151180047575,0.7046523033607746,-0.56602578144023,-0.1908800611764563,0,0
1992-12-31,-0.3397723239860126,-0.2163196073915326,0.2006442257568114,-0.077971237539715,0.3588708389379652,0.5662888530898217,-0.4306139127561674,0.1362138162808567,1,0
1993-01-31,0.008567026916585,0.0813638448457466,0.2577172599604822,-0.0676097621242484,-0.2253754957577659,-0.1963383745338209,-0.1959469563394308,0.4019192409550742,1,0
1993-02-28,0.0298844640187605,-0.1669685996441672,0.3869752827508633,-0.1620383120809273,-0.448611843865207,-0.3541478078285524,0.1413656255850046,0.3583585685454418,1,0
1993-03-31,0.5584333518461068,-0.3464037423756568,0.4476789499368093,-0.2981004191635558,-0.6425261806270867,-0.4190952794624055,0.2728817540650558,0.3421072674809392,0,0
1993-04-30,-0.1344654998885383,-0.764625498920273,0.2086908543910674,-0.1878916470488484,-0.6967607427826576,-0.6189059089056653,-0.1949834911064275,0.3135513907286561,1,0
1993-05-31,0.163481546751572,-1.0977539518523889,0.0299633995645248,-0.0690624175877752,-0.4522209466804813,-0.4638184562242582,0.0945216849692096,0.4685218260669059,0,0
1993-06-30,0.3999629443964,-1.131426261623077,-0.3581544587663532,-0.033331441498853,-0.587050579343956,-0.6587705393052399,-0.0525025624438007,0.6114842822864964,0,0
1993-07-31,-0.1602408780409754,-1.4316221247527992,-0.4546431689816942,0.2427617061134158,-0.2879922627303537,-0.6264030081692926,0.0041075040431944,0.5729023875678994,1,0
1993-08-31,0.631661488610622,-1.3654785393441526,-0.3600269058441385,0.2890526322963044,-0.4768098597791252,-0.906697393640805,-0.0430515870113804,1.1381281254763636,1,0
1993-09-30,0.3733483205948581,-1.2958178044182762,-0.535883590100983,0.4000291093757783,-0.3364130306623408,-0.8707698372660542,-0.1661144631503245,1.050964853987785,1,0
1993-10-31,0.6170277035093689,-1.384029121287859,-0.3970659611264809,0.4890399527891537,-0.5972137933862469,-1.2732708412487006,-0.3302984003535888,1.1408277136459388,1,0
1993-11-30,0.0387929360679515,-1.2078512092843532,-0.4149789408968337,0.3623535872832987,-0.416281772529341,-0.9069301500916384,0.0832590911852601,1.1067547916103764,1,0
1993-12-31,0.0466126149628849,-1.0970547835435132,-0.6214373224622503,0.2804268497032371,-0.233313502865874,-0.593390534569276,-0.1151841362638429,1.1245618688379229,1,0
1994-01-31,0.41422922432426,-1.0226730555516532,-0.4794418824687889,0.3862183643050714,-0.1003838059111374,-0.557261646210904,0.0129426134394563,0.7999629736373182,1,0
1994-02-28,-0.1776461701273846,-0.7955445169755607,-0.670436035943214,0.6308547568865231,0.4756173283490479,-0.1740007968389884,-0.0061148747589142,0.4001441728992927,1,0
1994-03-31,-1.087882109823349,-0.5624032494993408,-0.7283713744392917,0.7994448646837982,0.9251344116619156,0.1430721274551058,0.0133572557784062,0.1368648977372852,0,0
1994-04-30,-0.5798967108818907,-0.2043469656920803,-0.4221214133999292,0.9919961492684602,1.1424512741540047,0.1574068072381755,0.2904409276937406,0.1430138631803405,0,0
1994-05-31,-0.7219866686712706,0.6826935643179566,-0.1126233455402876,1.262452265591674,1.1833866361486614,-0.1308020245037071,0.0010314119865068,-0.1728828458964285,0,0
1994-06-30,-1.1156301649331364,0.9942147232641844,0.230411094455177,1.1841488671483755,1.608995041094875,0.4007135638816432,0.171637482285085,-0.216678469959663,0,0
1994-07-31,-0.6178848059066905,1.019969389901621,0.5217198863400621,1.3370835695690573,1.4193485814232265,0.0169755505722453,-0.1439281887950486,-0.3046985834640013,1,0
1994-08-31,-0.5652581176107744,0.853108146035862,0.2814033305809094,1.4523411074823596,1.7358223122138414,0.2419541437789575,0.2276840043951888,-0.6392086482427456,1,0
1994-09-30,-0.822682196301474,1.223298913270572,0.2079493105136358,1.5954442272762253,2.0595572868717245,0.4565093690197183,0.2027501362940682,-0.8984547095802472,0,0
1994-10-31,-0.8014966493537605,1.7255042456494372,0.1426217975467031,1.761909350105781,2.1231625384728052,0.3654370391183084,0.5026762402679243,-0.8005558604938983,0,0
1994-11-30,-1.1921170297001564,2.2213647317170517,0.4445090426196187,1.9021291966435037,1.8677503989385895,-0.0921438803426723,0.1279882652661915,-1.0214312118938849,0,0
1994-12-31,-1.1591140043560932,2.325538208680581,0.6433130182380526,2.085856086897807,1.780742000211113,-0.4284150357859045,0.3162506629304309,-0.5278168299802056,0,0
1995-01-31,-1.2711649121613748,2.148287800453286,0.6894840196460925,2.151606921373104,1.6698754826735678,-0.6639439241114989,-0.0714168993245103,-0.4240161038370074,0,0
1995-02-28,-0.2936320160632488,1.7339417120958005,0.8049332871603673,1.9608741578957989,1.084021760587298,-1.1525899974768437,-0.3195101549400563,-0.1937694344203167,0,0
1995-03-31,0.773695533682021,1.6925156758904616,0.817204532158968,1.7315293721535563,0.6351626996972793,-1.413251619322333,-0.1946973972396868,0.2244012523484174,0,0
1995-04-30,1.0329627409777151,1.679961327539967,0.74192860955855,1.5321889691167976,0.3387993818832329,-1.513139887078709,-0.6933457030701834,0.0572064357419525,0,0
1995-05-31,1.4137083090064195,0.9169315451786456,0.4656497838542814,1.2283407992605702,-0.288131694356892,-1.8390885374488344,0.1245746949746911,-0.0921483295634591,0,0
1995-06-30,2.080827786966531,0.9193931107937188,0.0478946501702003,1.0836829259888423,-0.4946113056764594,-1.8494100993499392,-0.0214804724454942,-0.2270928145068331,0,0
1995-07-31,2.123443388068698,0.8848353108782913,-0.2318184628544928,0.914453953812156,-0.1767044171689377,-1.2787379591072117,0.2510325929040283,0.1883950824776922,0,0
1995-08-31,1.5783967990821983,0.897797249765434,0.097169119113901,0.7910962081371998,-0.3626830953653481,-1.309460918485553,-0.2247229420422272,-0.028620321313652,1,0
1995-09-30,2.515661643941038,0.4813710439608659,0.2797246491741077,0.6060626227931993,-0.7633446330089838,-1.4972311959308648,-0.2853648884390177,0.2697671482977307,1,0
1995-10-31,2.099356700359715,0.2120940854834337,0.1093547441895491,0.3710195291565138,-1.0045739640053584,-1.4685155891047916,-0.3384073687989751,0.2369211020409369,1,0
1995-11-30,3.0,0.0408804921411609,0.1398915448133809,0.1863357941630251,-1.2725611199817075,-1.5279639049257847,-0.1565699661942464,0.2159991774359513,0,0
1995-12-31,3.0,-0.3913615293218103,0.4691263530298155,-0.1783238795663892,-1.3581426534638092,-1.2065057645234414,0.0843713453057928,-0.3194414467150005,0,0
1996-01-31,3.0,-0.9992218326759345,0.3003221830125466,-0.348950245782073,-1.1691374191642985,-0.8217305508481954,0.5930615796317664,-0.36897058218341,0,0
1996-02-29,2.738149822903174,-0.8937394992834102,0.2284367484850875,-0.5080422167548266,-0.5322174059387665,0.0266119906652025,0.4705425883471064,-0.1817305461776268,0,0
1996-03-31,2.462274436232158,-0.926592722246682,0.5983434543979148,-0.4007912924081738,-0.3948201483084458,0.0591922038009622,0.6248309247795149,-0.2815588845792831,0,0
1996-04-30,2.273132124589313,-0.8195541047180369,0.7435323622211994,-0.3613816265350211,-0.0702353056992246,0.3416840810154105,0.4650139174120239,-0.211496725404444,0,0
1996-05-31,2.1332262218660687,-0.4664911178642898,0.3420606443794448,-0.3314807381405539,0.6916143370262797,1.037918261588742,0.0832361616957388,0.030481677736608,0,0
1996-06-30,1.8749581179550172,-1.7266540504931025,0.4220718424551917,-0.1466633173565071,0.6552896501847685,0.7899631443831817,-0.1519651333754291,0.0471984467092561,0,0
1996-07-31,0.8138214641192693,-2.1573598917725136,0.7839932892542241,-0.0762816408107618,0.5021197534418832,0.5567868198102417,0.5889398083440196,-0.1082370925879566,0,0
1996-08-31,1.0724800397625,-2.001125645096143,0.7571828734696522,-0.1397209615789045,0.7746908288529223,0.867545697897868,0.4816226020306093,0.1061476262813612,0,0
1996-09-30,1.33211365387127,-1.8651286335614148,1.1093971599969328,-0.0382478767187924,0.6501565904493212,0.6253975689156671,0.2626182876895508,-0.0366065351929688,1,0
1996-10-31,1.74839902919468,-1.6266326374673126,1.454393572387252,-0.1191458530934455,0.449717268659911,0.5288641970116643,0.0670908191035195,-0.1011077051715127,0,0
1996-11-30,2.274459965388379,-1.4248588693435642,1.106024171800602,-0.1576252748005333,0.3996387236800033,0.5208000387624048,0.0180249375449242,0.0574763687334267,0,0
1996-12-31,1.67747175828296,-1.259086342528969,1.2353906598790088,-0.0948611655530065,0.8942146929942455,0.868320120234583,0.3856838788888428,-0.0094248085420203,1,0
1997-01-31,2.1442300043216664,-0.4573348759845195,1.201684480759229,0.0814007896857071,0.9543562361356492,0.7161640185719924,-0.0452931337662268,0.2040403778372898,0,0
1997-02-28,2.0944849537822656,-0.3724709068223146,0.5103527054034306,0.179988625932615,0.4749607783481038,0.2026206239983939,0.1513008823890905,0.3135165829269978,0,0
1997-03-31,1.3042035590238246,-0.3832100172400574,-0.2474612718974539,0.1733630907545411,0.6115787454051154,0.3271099109676686,0.0875906319917689,0.4887983012686759,0,0
1997-04-30,1.9586727372522128,-0.4878735098759747,-0.9954341476375352,0.1912661141371469,0.1295385743683211,-0.1016829306894621,0.6754579820947298,0.435967769218358,0,0
1997-05-31,2.490708492537721,-0.3826565321802052,-0.2334400708395083,0.0581195798355324,-0.0917860759506354,-0.1423715214791742,0.3143554112691411,0.4537514423956064,0,0
1997-06-30,3.0,0.5881554155519965,-0.4112270100936834,-0.0815284905751137,-0.1202335798977578,-0.0114263439886999,0.6967578565546432,0.6069843479875353,0,0
1997-07-31,3.0,0.6289076595558045,-0.4891337845918319,-0.0383845591301432,-0.6379031952575699,-0.4996981756439725,-0.1272101082376757,0.2242538996812338,0,0
1997-08-31,3.0,0.2611882063838612,-0.5541895003030348,0.1016001435026135,-0.4722855387300648,-0.5119077109757987,0.5527889659194702,-0.0807803559544102,0,0
1997-09-30,3.0,0.1372400916311696,-1.0281024695604128,-0.0569920541068832,-0.4394713620936303,-0.2989821564073142,0.7130892433221053,0.1915712897424781,0,0
1997-10-31,2.311829001593419,0.0199742353684393,-0.886346815899937,0.0360798156419062,-0.357176436743886,-0.3326680975637279,2.692944102105597,0.5368450960468649,0,1
1997-11-30,2.0916212305077484,-0.6471823687703311,-0.8495915512325247,0.1321099466688526,-0.0099326827176203,-0.1577078409786632,1.28017133699494,0.6585364164979524,1,0
1997-12-31,2.4681332168160237,-0.9679724461418024,-1.61560561635305,0.2339490106224752,-0.4859336608225402,-0.6561630037696463,0.1351069067937809,0.772428549886197,0,0
1998-01-31,1.9083690206669075,-1.3754075599652489,-1.8861595275652585,0.0615318128334649,-0.80219306411748,-0.7105549142067703,0.6837351307123042,0.6070684374857621,0,0
1998-02-28,2.722512226902972,-1.3456319880781005,-1.3564611094611585,0.1124434873561368,-0.7265629927322313,-0.7063618575557555,-0.3218383421553948,0.677418883198611,1,0
1998-03-31,3.0,-1.2073105515982383,-1.3017768341050042,-0.0245779534613519,-1.0328230529048552,-0.7921944543039795,-0.3625583930555989,0.5620385947121266,0,0
1998-04-30,3.0,-1.0429888996056442,-0.9242946490795256,-0.0945102816861389,-0.7995216621922963,-0.5263612977660581,-0.4055281422331477,0.649186042537984,1,0
1998-05-31,2.155629754376934,-1.3651073527805826,-1.2758423895656097,0.0260064727396427,-0.8580888400633672,-0.7078188196345652,-0.2176311663166653,0.6298960486270777,1,0
1998-06-30,2.174668553896529,-1.6450085697382315,-1.1690288842063743,0.1035911962425327,-0.8027947666125921,-0.750462984196007,0.1586190186117976,0.5875388183838587,0,0
1998-07-31,1.1346870036894678,-1.3461976097008348,-1.1789580259623464,0.0082403852626515,-0.2186159184133445,-0.1813603174109851,0.2340637451229215,0.7056641435432603,0,0
1998-08-31,-0.2349241033337314,-1.026017379265889,-1.389570812373569,-0.0942042545137498,-1.010907135907789,-0.6911279784418394,1.678441876166239,2.414988674937919,0,1
1998-09-30,-0.0979500968141754,-0.7075999376829867,-1.0198670639423588,-0.1607479422730805,-1.400829843645204,-0.9340893499463572,1.8658017501980495,2.017794332177237,0,1
1998-10-31,1.3377539596569512,-0.7061574449823703,-1.450442592104093,-0.6416959075283781,-0.8905524361893266,0.0085162423220333,-1.8706604091942405,1.8601948337796697,0,0
1998-11-30,1.6108882191502758,-0.4708933770117671,-1.534067691196337,-0.4223510126522586,-0.7958760285292208,-0.1703894193347475,-0.6674868911830307,1.86963592769839,0,0
1998-12-31,2.1813190566670166,-0.3587279793134467,-1.4509736316031074,-0.4390155052305071,-0.7626732336963018,-0.1329447809161264,0.6955539725531723,1.7987877583113576,0,0
1999-01-31,2.58244817936794,-0.2880075049146215,-0.8493797305402842,-0.3723239549074655,-0.51329515866449,-0.0083865912981687,0.4359390271363933,1.7265680489876,0,0
1999-02-28,1.2363057763018304,-0.268975532211439,-0.798575089388241,-0.3188563652154489,0.0608671876589045,0.3977618207959975,1.8938284793942,1.2185691437432389,0,0
1999-03-31,1.1643172247155111,-0.4740678749550419,-0.0185354710907799,-0.2548740714028246,-0.0236620185665605,0.2545937163710135,1.2942881943923576,1.166002539136548,0,0
1999-04-30,1.592942567940715,-0.3942409284225181,0.4592714059741418,-0.2960869858719312,0.0861460392984471,0.3889684835058638,0.568033778685273,1.1942965184248884,1,0
1999-05-31,1.420283025087596,-0.1659805797470179,0.6668757116565833,-0.1471367799657091,0.5025180046627309,0.590863919618343,1.1269808831600976,1.013593634112464,1,0
1999-06-30,1.707572466937658,-0.1945106479558736,0.9463718882502116,-0.0568018391679335,0.7974430083476699,0.7614184399989866,-0.0390330423289918,1.091034601494551,0,0
1999-07-31,1.3287062683952688,0.2530770233449225,1.3082576459533863,-0.0459733504179373,0.8358317222995211,0.7970827265826941,-0.5132684844820865,1.1683927503083114,0,0
1999-08-31,2.965835345716,0.3379598160079327,1.6825720391308885,0.1606402786319685,1.348890842719345,1.0460546499149697,-2.470624389629196,-0.2467424912753325,0,0
1999-09-30,1.8459969395399565,0.4954891675423697,1.871170437842614,0.3812997680789955,1.859712220039405,1.289210567761965,-2.8822091591348578,0.1021143655144764,0,1
1999-10-31,1.7884792387926107,0.5604701981780768,1.7194607271878228,1.0939019670975494,1.7376009360895486,0.4165871112622258,0.3491692462283767,0.0067229464347201,0,0
1999-11-30,1.3460792355873998,0.5797802366760748,2.450821728199466,0.8782852508033246,1.7592002735579864,0.6888772839614787,-0.4884677132688553,0.0571538291259153,0,0
1999-12-31,1.4753737979070534,0.8396638261119314,2.877545313584415,0.9946023205737774,2.0672030456881116,0.8747055756199398,-1.5137390505559027,0.3793389169856533,0,0
2000-01-31,0.1451026882229251,1.0691017529094538,2.760876737453792,1.1234432825251612,2.2183536082143736,0.9113168784289212,0.7105072490721043,0.1574088964272097,0,0
2000-02-29,0.2785014272620457,1.0064888596997013,3.0,1.214247785513296,1.325763149520378,-0.0581166718355966,-0.230488145433662,0.5538933524334919,0,0
2000-03-31,1.1511358954629838,0.9319254641104984,2.626928483812521,1.309816802878948,0.971524774197618,-0.5173116918181132,1.3116372151044686,0.4640647922708227,0,0
2000-04-30,0.1401383404885481,0.6200528210143595,1.4007838362544127,1.3854766223621855,1.0470705876770554,-0.5354504912349175,2.1022929200955875,0.3859382278252017,0,1
2000-05-31,0.1495143544018287,0.7392371036328326,1.8162091930006268,1.295911540246338,0.8278762914098279,-0.6577703309967982,0.7583897914468376,0.5137007486695034,0,0
2000-06-30,-0.2459408133699015,0.8459985186106345,2.2469319716672564,1.1373644359118766,0.4161893836169875,-0.8904254391808886,-0.2748677626041202,0.4661692201754396,0,0
2000-07-31,-0.0392831143936581,0.5019165328642353,1.5028115641918365,1.3556559177701744,0.3240957506195976,-1.2385985551261691,0.2592007285624778,0.7946125213260242,0,0
2000-08-31,0.9613660622969232,0.6005361898614056,1.5404115228769315,1.301088687002637,-0.0250756859463245,-1.5204545348103076,-1.4074547217218365,0.911850669989174,0,0
2000-09-30,0.4821945586972013,0.6028290758263858,1.5697278599942397,1.2406032069738664,0.1247491582381129,-1.3088999786890654,-0.7510182070508836,0.8191474110398386,0,0
2000-10-31,-0.4782750465627199,0.5253025929466013,1.6783450029817015,1.1656672406849398,-0.0123666114309521,-1.3595172572235223,0.2703298802445374,0.566169168077552,1,0
2000-11-30,-1.994778687535576,0.3080164050194408,1.5215137887743706,1.0288950320632326,-0.4401766473859537,-1.6066836653808227,0.9502587602503562,0.7097424476516623,0,1
2000-12-31,-2.732681098604153,0.3444964127999431,0.3116319018251745,0.5929674594572539,-1.0357548209685556,-1.6644164659283704,2.4014191983843705,0.4181349711362971,0,1
2001-01-31,-1.4439786656127154,0.0595451815481033,0.31496570295959,-0.0102929018731449,-1.1749116532096031,-1.1118557734960273,-0.1998559776569282,0.6887359343531751,0,0
2001-02-28,-2.409715816684517,0.1047208723277575,-0.0583242467406633,-0.424366549226715,-1.1698733667837726,-0.6484496402828367,-0.8593511471555793,0.7817084080404124,0,0
2001-03-31,-3.0,0.1709743057915383,-0.5588918837796216,-0.92230912932202,-0.7817480028532534,0.2877283636764574,0.1535260045588174,0.7917481287123947,0,0
2001-04-30,-2.813212004258518,0.1394006739750871,0.1896581133041118,-1.3541963977565108,-0.5733825384581912,0.9803641868021936,-0.3925562572259223,1.2503339998266298,0,1
2001-05-31,-2.39096653783254,-0.0458918162117765,-0.1192187922459236,-1.6687995005545793,-0.5511810787453393,1.36418075946415,-1.3338163245227426,1.2525978449392543,0,1
2001-06-30,-2.8664408683588403,-0.1335177008704067,-0.8153267299269474,-1.6923887570300122,-0.3092941322758684,1.6386905372884926,-0.3967579380263734,1.310709211947357,0,0
2001-07-31,-2.6751237493509046,-0.4016488769380162,-0.648465963769757,-1.885704001361006,-0.6449861086273584,1.546477991527383,0.3566631534199687,0.9168756204427524,0,0
2001-08-31,-3.0,-0.6495353046077832,-0.7268234631558479,-2.094168376539926,-0.5610484841087838,1.8739818001733457,0.7291322410720193,-0.0867274904724655,0,0
2001-09-30,-3.0,-0.9474999780541064,-1.4828129451766492,-2.552757914805987,-0.8680231770810544,2.120375455341588,2.545398246445528,1.0075712328503434,0,1
2001-10-31,-3.0,-0.9171469298947936,-1.998700060991984,-2.932603851294638,-1.1206494809068437,2.3589308586650244,-1.2062428834476098,0.8625038835668529,0,1
2001-11-30,-1.821292530844986,-0.5982512569325902,-2.628341172242755,-3.0,-0.3897241247298175,3.0,-0.7141581342769168,0.8476715455400208,0,1
2001-12-31,-1.7594349886933176,-0.6190399733887142,-1.6523562713699451,-2.868282737887036,0.2195966552746324,3.0,-1.9421899384698516,0.938972673593581,0,1
2002-01-31,-2.142556528476647,-0.4247687645925037,-1.7676168719204737,-2.4007034000581413,0.1479817712663621,2.81114446304815,-1.3957198955657288,0.9064545033092616,0,0
2002-02-28,-1.4197950855444523,-0.2623232483140767,-1.563481044700355,-2.1223742209703853,0.2190094252615588,2.530735325069,0.2876359936512805,1.1757186165502935,0,0
2002-03-31,-0.602255333127834,-0.1202683821616137,-0.5345548994285952,-1.7241695380162518,0.7170694834847435,2.466967386864711,-2.243720370806098,1.5449065337804655,0,1
2002-04-30,-1.651223527660797,-0.0005180484170743,-0.2491752359529307,-1.3831988903741472,0.0181572073567245,1.5208479331199594,-2.154891752712273,1.1958787113829348,0,0
2002-05-31,-1.7260090891825772,-0.0265625993198803,-0.3284660447784884,-1.1893403354940577,-0.0900632998064681,1.2185759180997535,0.6962469142186105,1.3910102964512294,0,0
2002-06-30,-1.9811854444577863,0.2312954918960347,-0.4002221152751938,-1.119530770207992,-0.2959193133869432,0.9731521707616918,0.9816224964902532,1.3070036025835428,0,0
2002-07-31,-2.3311379496816023,0.2871262167501299,0.0344998981385592,-1.156361756538695,-0.3049337877547248,0.9995765914788828,3.0,1.5510363995855865,0,1
2002-08-31,-1.7740519417506502,0.1914398536609557,0.1038185848968488,-1.0982851509198557,-0.4546969348075125,0.8138166409635826,2.2497095457353766,2.163990065167013,0,0
2002-09-30,-1.7876682950234524,0.2687261139785938,0.5850947240624043,-0.5847427284457213,-0.7076260559838903,0.0567409974105609,-0.4442061995340976,1.4830701538772484,0,0
2002-10-31,-1.4454134141035675,0.3759641582647103,1.0507376214017177,-0.2839004122182405,-0.1297124775060607,0.1977396172332846,1.822414961047134,2.0232229246219973,0,0
2002-11-30,-1.5934578006869644,0.4680716894675301,1.0279592844082377,-0.3336703911848926,-0.3125025049484985,0.1026277578668381,0.9007140533541516,1.6417339409160483,0,0
2002-12-31,-1.9429276591645088,0.4025302754517607,1.5819858476104531,-0.2331371789352543,-0.9571421664261598,-0.5287151876210406,0.1564692959194134,1.4166571201300138,0,0
2003-01-31,-1.9341154999091807,0.4425613116490197,2.0541283594367,-0.2205385468826292,-0.7913339712585478,-0.407976796045429,1.030064356342021,1.5316952929940464,0,0
2003-02-28,-1.8405690975645723,0.3956345302004895,2.286178868512476,-0.2744935211609314,-0.888694066490986,-0.4292915326504508,-0.0850599998827646,0.9174273209541532,0,0
2003-03-31,-1.984934856297767,0.2542913894093251,1.3106059854821706,-0.3586242420149091,-1.2918385009450546,-0.6672222213674854,1.450114566771488,1.524206613963497,0,0
2003-04-30,-1.1763469482539666,0.13310446486499,0.1771667491163425,-0.3017041908030838,-0.9410506535222942,-0.4412254702759379,0.0772514282314823,1.4173565989737171,0,0
2003-05-31,-0.8475555300090803,0.2392341647932144,0.0383760326607378,-0.3608108769937879,-1.4030415120721906,-0.7561686329210784,-1.0883240571668653,0.6411020975504276,0,0
2003-06-30,-0.3464684519147016,0.2034111279806359,0.6726111136111156,-0.4480018621588947,-1.0285020848564148,-0.3604827222915364,-0.9272648857295092,0.7714430765696765,1,0
2003-07-31,0.1815107181173983,0.360896820386653,0.44485733707934,-0.4438841926277223,0.2146046186316258,0.64271347081553,-3.0,0.1514294138194252,0,1
2003-08-31,0.2542216600977309,0.6797755750326531,0.340063189420864,-0.3591788313419536,0.5215796661401094,0.8006903762688347,-2.8813894094710895,0.653781582687179,0,1
2003-09-30,0.7466185887555864,0.7290735320502888,-0.393326598414675,-0.3692605000909362,0.5309321138025513,0.8182914033818944,-1.8539485235721136,0.2434823282691595,0,0
2003-10-31,0.6514283458136703,0.9749872449205405,0.0551571803791306,-0.3420660735123511,0.5864947826391673,0.8349728493246618,-2.9395891380672117,0.1897194776828646,1,0
2003-11-30,0.4049507106807276,1.033420485792614,0.5771088015765529,-0.0753972975105855,0.3059349812921172,0.3264027537010892,-1.592848854106132,-0.0051633418625948,0,0
2003-12-31,1.0100430570290626,1.2867166115644793,0.2342259988921592,-0.0672368870575398,0.6066030299744832,0.5596083376978678,-1.0679387593857927,0.0548081527253356,0,0
2004-01-31,1.2335169537072164,1.6074021919612116,0.0026961641914463,-0.0655840860647703,0.3275977969781536,0.3334295579197959,-1.757186281764734,-0.1451806002569624,0,0
2004-02-29,1.3673869692271223,2.1624045551250415,-0.3998561856973063,-0.0253535156258907,0.4428577421540962,0.3833644393761686,-1.3665392647939096,-0.2329384423750704,0,0
2004-03-31,1.205512536043289,2.615173158633083,0.2900355399469613,0.0160433202824409,0.2061128371064249,0.148332042938461,-1.4953676838266077,-0.98423966143273,0,0
2004-04-30,0.7155568506674772,2.542704774180874,1.1192648140852834,0.0222432898244885,0.8066769960355138,0.6207415999559376,-0.7632335799423222,-1.6567076097392146,0,1
2004-05-31,0.5261368067207695,1.972491334045146,1.6810499712039313,0.1339308776708806,1.4361994057342815,1.0053081485659356,-0.613030907141415,-1.0458973988625988,0,1
2004-06-30,0.5683862675266458,1.7859536686390267,0.8934531689055036,0.436826910605545,1.2418353624652732,0.5284751935107893,-0.7269624099831743,-1.195676170866137,0,0
2004-07-31,0.2637623728931351,1.9361965564790469,1.2933192201275996,0.5039772427743273,0.2043575322413255,-0.3630063745355591,-0.7418773513420116,-0.8862047855546172,0,0
2004-08-31,0.1770430799556542,1.8793606590475824,1.793953742759964,0.5877836809397313,-0.1068873829970172,-0.6886511350531962,0.2464924012637988,-1.3809380516597651,0,0
2004-09-30,0.2941105056992631,1.888299506187854,2.386643298129625,0.7340478736062032,0.4232763352293184,-0.4333350279026603,-0.6943552076913589,-1.4894563972639991,0,0
2004-10-31,0.0769858843021489,1.8519070581349004,3.0,0.8466851326654699,-0.0288935384089255,-0.878426529939714,0.2046581652335082,-1.5534222414620216,0,0
2004-11-30,0.2689436282602525,1.8152752607690028,2.1606185972564935,1.093420471302332,0.3166019362956794,-0.8691777150633647,-0.1150227105092205,-1.703840211478356,0,0
2004-12-31,0.1787438781592479,1.612830420377937,1.25140858195021,1.23413153368441,0.2880767079397002,-1.0146527014552928,-0.1835713102360821,-1.760474690842586,0,0
2005-01-31,-0.0969180187295907,1.2755767118847918,1.4263719726166304,1.3894351011468555,0.3254025222190032,-1.1217652305430172,-0.132256185757966,-1.6871863890297212,0,0
2005-02-28,-0.0520356708800381,0.8286209562920347,1.4946761210024138,1.5401934619651232,0.7867945570904359,-0.948317249388698,0.1664587354079585,-1.5804394245643396,0,0
2005-03-31,-0.0754505723075246,0.6167899362629609,2.048414260464187,1.7050240277985638,1.0955379735640869,-0.8952340253753472,-0.6031359287970753,-1.8947391741556825,0,0
2005-04-30,-0.1012491131484248,0.7758088299409912,1.8414131580072015,1.74096422952249,-0.0117669308661466,-1.660827710760466,0.2800541189818131,-1.3714682773137952,0,0
2005-05-31,0.0155138840343702,0.9118423277779476,0.9051808746535084,1.7174264906091896,-0.4077455659259343,-1.9044675187692333,-0.1545416761008711,-1.477672303824512,0,0
2005-06-30,-0.0935517877791371,1.514648313218536,2.027284048905113,1.6122038754832284,-0.4365813580024891,-1.8299260007461449,-0.2698512707215534,-1.5497819937393529,0,0
2005-07-31,0.3539690865413862,1.4463253205911937,1.946547361002113,1.7461924337163406,0.0937176765718821,-1.6147646960279027,-0.0652347512422998,-1.699253507055647,0,0
2005-08-31,0.2629209552907272,1.7046302409602825,2.148725129457003,1.778200445500639,0.214304903978901,-1.5789825995300997,-0.5301511793757423,-1.4784359556442517,0,0
2005-09-30,0.2531048382821259,1.6996281709250465,2.0399488709398934,1.6068316949000463,0.5630676831143949,-1.2060680018493326,-0.0557583568458608,-2.118053851927459,1,0
2005-10-31,0.0497431633289178,1.8198794196767305,0.7136128170551903,1.717305436290843,0.924640938699274,-1.1094809153291858,0.2766754206229226,-2.573679768883429,0,0
2005-11-30,0.0469562724899985,1.954654517483763,0.7778050743518915,1.5811998421042657,0.4495934196334247,-1.3130616777772863,-0.2752639691181009,-2.6154177813623103,0,0
2005-12-31,-0.1630140462165453,2.3867044799499024,1.5387456924710925,1.46969683178215,0.4607548713647545,-1.2162764585982488,-0.0810699017605748,-2.985375650743719,0,0
2006-01-31,0.1827335157261631,2.528545455342945,1.8170982080749367,1.596184091355493,0.747076659746718,-1.1894753304487526,0.1076131316643311,-2.7101941852845024,0,0
2006-02-28,0.0668401850598003,2.7006171230582567,1.178998182602975,1.549505882281268,0.4833094059816389,-1.3098692748608471,-0.1747875427247383,-2.8017458674271363,1,0
2006-03-31,0.2729520469849138,2.593136823181436,0.5496924139240855,1.4329040829580786,0.6866005370074154,-1.0724158264621575,-0.2724768909784055,-2.5636798063719906,1,0
2006-04-30,0.4892610109365002,3.0,1.5106183105445683,1.442516282926927,1.29870451617473,-0.7174757648404064,-0.7186323613273383,-2.394286438681349,0,0
2006-05-31,0.0786727376440675,3.0,1.9991672382314751,1.4586841977718146,1.6082372377331997,-0.5530170365853874,0.3085446448769023,-1.6085737322901337,0,0
2006-06-30,0.0824055766860611,3.0,1.213375049597568,1.3904800245249684,1.6979833265597837,-0.4287212963170543,0.9156978343938124,-1.5322744239499713,0,0
2006-07-31,-0.1162377421970708,3.0,1.3122083352544458,1.30417954423774,1.0712076745688075,-0.7328091551208409,0.5008658828471406,-1.405039501283535,0,0
2006-08-31,0.1097598882472738,3.0,0.4079868085434249,1.136536363448812,1.0826781210959922,-0.5529666131620752,-0.2042587266925164,-1.5663954316422155,0,0
2006-09-30,0.2391676296937331,3.0,-0.7357194820745003,1.029934381743698,0.5676545555084666,-0.7638753043275348,-0.1313390428224219,-1.2791896737634918,0,0
2006-10-31,0.5880236933524674,2.955977253859945,-0.9325236071903904,0.8904985448324528,0.2494177773787339,-0.8126796275637683,-0.9146861293420538,-1.474438913275558,0,0
2006-11-30,0.4793059914049078,2.2313449745980933,-0.3932103181384395,0.7744170493765293,0.1663155580772932,-0.7395319811144219,0.0996254512772362,-1.2578952267414631,0,0
2006-12-31,0.5803747701942771,1.5692316409974774,-0.2102992309692484,0.6955171111019601,0.6090476030224777,-0.3843747751696151,-0.0655530929017505,-0.630869262022201,0,0
2007-01-31,0.5148266987512725,0.4583489157140845,-1.757000022116659,0.5358225387712152,0.594483901047935,-0.2224049650388844,-0.3705145598336207,-0.7304201838370488,0,0
2007-02-28,0.340355149169918,0.2232388680872916,-0.7587109280877056,0.4346078705265626,0.2354839986034074,-0.3327189811174136,0.5698818403379061,-0.2377033743439768,0,0
2007-03-31,0.3386968944202411,0.8325709395141033,-0.7524425237739467,0.3135842737319752,-0.033032937740143,-0.3646896328573977,0.739752168691215,-0.3284288401825845,0,0
2007-04-30,0.5886425452199078,0.8465228844269851,-1.138068773218521,0.2008287570919396,-0.3181175010447234,-0.414807061571545,-0.07277949700714,0.3386848999422747,0,0
2007-05-31,1.0688721721197365,-0.8010060874981754,-1.3254331509109267,0.0183210687986918,-0.0399748315306212,-0.0445329095141001,-0.4013679875300218,-0.1135023670338059,0,0
2007-06-30,0.9175079973202068,-0.1933999859303007,-0.8647353938897663,-0.1150173955378641,0.0852074820194932,0.1783062116647632,-0.2006692622834045,-0.2432716010233233,0,0
2007-07-31,0.6293224329086112,-0.2071541853941838,-0.4955744951077411,-0.0797210112752,-0.0344795415289757,0.0665451991209444,0.4682232010128148,-0.0654016833994109,1,0
2007-08-31,0.5880919386497515,-0.6213289420064907,-0.5464418000610474,-0.516681689175994,-0.0262888191493691,0.5518656423870199,2.074905545954118,-0.0408899740124381,0,0
2007-09-30,0.7076687657265004,-0.4043128858409726,1.3406310835798367,-0.6233769133825383,0.1581163699164623,0.7805419051916613,0.8915081368876024,0.279252859187638,0,0
2007-10-31,0.602473747101602,0.0278328849884831,2.531525699032697,-0.686226744867067,0.0524677975601115,0.7851725884751733,0.8432449538830478,0.8305869739881219,0,0
2007-11-30,0.1043510289265565,-0.5134280640136214,3.0,-1.1243046973169402,-0.4011727986698704,0.9941636676540953,2.111291948611047,1.303438436602595,0,1
2007-12-31,-0.0566488617269605,-0.5416349055127496,2.556931563813291,-1.2296527506927544,-0.6296563436665559,0.978345433970529,1.2667038713043857,1.202808866811593,0,0
2008-01-31,-0.6569424504224344,0.8451108100528403,3.0,-1.465972852608242,-1.247165213058451,0.8801400542181831,1.894762193790696,1.5120910111142345,0,0
2008-02-29,-0.7356070799879392,1.5929849971132173,2.9309169611102144,-1.88588365635694,-1.080563729581715,1.4683351814347825,0.7992198849671707,1.184755457388207,0,1
2008-03-31,-0.8446897772658232,1.35661195027605,3.0,-2.330184641433936,-1.297036137748671,1.8762614222698075,1.7423126437580043,1.4231798863915983,0,0
2008-04-30,-0.822838666605084,0.338404096095914,3.0,-2.199664331889548,-0.8701817515369201,2.001935163841737,0.6813089049673037,0.8804344743242486,0,0
2008-05-31,-0.9960118926323892,0.1217882205739468,3.0,-1.785078609565349,-0.8501433057690103,1.5581583725169903,0.5634388287746109,0.8810102230388708,0,0
2008-06-30,-1.4967107857640782,0.1906214327666115,3.0,-1.5938987964784377,-1.1052315229372112,1.2085907106379046,0.6406450640242891,0.769979215198579,0,0
2008-07-31,-1.2733281257362348,-0.1522464962308084,3.0,-1.8286375941697488,-0.7829112001575594,1.6742122957647927,0.666387320978092,0.4401858824805815,1,0
2008-08-31,-1.271399706092304,-0.4712415454200015,2.4316796179076725,-1.365227376513971,-0.6919279895379933,1.2001525806430433,-0.5220423614834219,0.4495995938252363,0,0
2008-09-30,-2.1548334986406665,-1.2268613006822775,1.0198629520710876,-1.5106638013315252,-0.7504022160180838,1.3548171548984365,3.0,0.1515035090589807,0,1
2008-10-31,-3.0,-3.0,-1.283447242375831,-1.7641579153368314,-0.411261731305229,1.8396480946454168,3.0,-0.7626371418027719,0,1
2008-11-30,-3.0,-3.0,-3.0,-1.6434269740444911,-1.1571423626950277,1.3094622764435575,3.0,-0.4625670808511171,0,1
2008-12-31,-2.844165823982781,-3.0,-3.0,-1.5514678410751397,-2.1029292834316715,0.6977993845259365,1.5965744235915944,-0.794411502589386,0,1
2009-01-31,-2.6859447091669666,-3.0,-3.0,-1.3258142277025775,-0.8270503218740316,1.1275781128470428,1.0678449763672424,-1.9929337519248769,0,1
2009-02-28,-2.7756690022715436,-3.0,-3.0,-0.8488977409045667,-0.4504541552655155,0.7654710283710732,1.0944295539438638,-2.1862273344943683,0,1
2009-03-31,-2.3678340658723305,-3.0,-3.0,-0.3965868483389813,-0.7423577705218818,0.0712469336604339,1.242963723710412,-2.6222840374826832,0,0
2009-04-30,-2.2462289285194244,-3.0,-3.0,-0.4407016434520124,-0.5711582388881217,0.2157864570595394,1.1343375620269396,-2.2584949955732405,0,0
2009-05-31,-2.05026782561085,-2.7534449200416566,-3.0,-0.6793409125603582,-0.5378257435986082,0.5181973240937852,0.9594350203902472,-2.180479048680627,0,0
2009-06-30,-1.4879162850258214,-2.310988267279229,-3.0,-0.7471235725784835,-0.36240881970411,0.6947989587716177,-0.2309141468732846,-1.9064096209638095,0,0
2009-07-31,-1.1123700917600643,-2.2161509527666587,-3.0,-0.6075220107472252,-0.3664417187186811,0.527698414788559,-0.3676104996106807,-1.7014859474060862,0,0
2009-08-31,-1.0197258941297211,-1.1116439336477744,-2.1458641623609127,-0.6577534007824831,-0.3027756233584765,0.6244227009720261,-0.5295019663181287,-1.568842690650366,0,0
2009-09-30,-0.3277789971018311,-0.6819457380082697,-1.6351740542130575,-0.3398018180265308,-0.4323324383324536,0.1807670960484745,-3.0,-1.2760826757856345,0,0
2009-10-31,0.4744615868664864,0.6617896240979337,-0.2057581669328107,-0.0954227345783926,-0.4989243623418514,-0.1423002210426964,-3.0,-0.4426102817478647,0,0
2009-11-30,1.0717415390851943,1.6272147672318882,0.7011330045833031,0.1756932198110308,0.7157620211606374,0.1510528304508206,-3.0,-1.149454079731463,0,0
2009-12-31,1.1304903711674013,2.1535818752661706,1.2234003349811915,0.2730486986975393,2.550670959989463,0.9499074852369126,-1.9366901606703937,-0.8649100981079306,0,0
2010-01-31,1.2825034804146185,2.240902396261878,1.34143200541467,0.2263395893057653,1.450465755090802,0.4324333742533242,-1.5528479624672935,-0.1208497321417727,0,0
2010-02-28,1.7989039448692217,1.8242321547436935,1.358157717435642,0.1631460930365037,1.225990668942161,0.3932022776074745,-1.1946038786908282,0.0870922283833685,0,0
2010-03-31,1.7873515320552429,1.8842290893835791,1.1796326329594655,0.2467106535676016,1.9890313862618916,0.666707164773761,-2.5188105143375847,0.5069201800442453,0,0
2010-04-30,1.5138310637885166,1.634844276031167,1.2220976310548757,0.290072296197047,1.1370272510889277,0.204691899270104,-0.9420844157410098,0.1020509497166742,1,0
2010-05-31,0.8823466019934839,1.0117110227265695,0.3981187140679574,0.2859396661493095,0.1504464441405128,-0.2621026244367027,0.2494374148278833,0.008772688349871,0,0
2010-06-30,0.623655589810168,0.5609061737117913,0.0307364237269747,0.268999375734148,-0.4230266417984147,-0.5145879528770501,0.4646298180936972,0.1032220928608746,0,0
2010-07-31,0.6349697439359088,0.5732495902947508,0.3015521307601906,0.3014810245519596,-0.4439152135975791,-0.5623680064056372,-0.0594816639041917,0.0593639525507923,0,0
2010-08-31,0.2693232678950775,0.3418727115492108,0.0349901325902647,0.315936281665467,-0.9426427217455836,-0.8206027781322023,-0.0179522359871225,0.1653274368959773,0,0
2010-09-30,0.5155586164288708,0.5580697578205,0.0401191746230488,0.348133158019189,-0.7150955544270033,-0.7498015480121154,0.04940961436722,0.192054921157717,1,0
2010-10-31,0.7875137263534739,0.8249639269623629,0.0510814188745427,0.3739111793501083,-0.7072069140173106,-0.777729195566245,-0.550298479872367,0.2525932333362782,1,0
2010-11-30,0.5089051589432644,0.6972247755601189,0.0514210088438715,0.3986780496793917,-0.1610084330903702,-0.5430698025161494,-0.2210692316146473,0.23742014555298,1,0
2010-12-31,0.7495660903731776,0.8935604644773077,0.4039675776759418,0.4016517463889298,-0.3913582094576374,-0.6624513136041298,-0.2236331784386168,0.3770083228136939,1,0
2011-01-31,1.0408025791319129,0.8829030302088113,0.2553736501715771,0.4001589997032134,0.0915177002816689,-0.4272435962513374,-0.3206085705212457,0.2667670945341234,1,0
2011-02-28,1.069419797182476,1.3345943206457471,0.3314075023302147,0.3537597181853615,0.106467632666713,-0.3670363353684402,-0.2686433724484047,0.267200614178057,1,0
2011-03-31,0.7681557334747242,0.7799353532470749,0.6729450851399754,0.3049917529951691,-0.1743765378944917,-0.4430249735589149,0.6037321626727213,0.1755633976182105,1,0
2011-04-30,0.8435181386182188,0.6089042588670855,0.8208763658646003,0.2664577167905487,-0.1814655470503371,-0.3999954575640939,-0.3662323485675811,0.0872056598397095,1,0
2011-05-31,1.1671654981807549,0.8043540400191599,0.8876627060706418,0.2447531798178568,-0.0220984704876772,-0.2982277696178848,-1.287361398476554,0.0144917518673175,0,0
2011-06-30,1.2921912921731815,1.0341158536601762,0.611422475174954,0.2595522065203223,0.6833262960442392,0.0199818293038257,-0.6385725782437899,-0.0993131793276599,0,0
2011-07-31,0.848572868702298,1.2048773024099282,0.5977932958660205,0.2242450249265709,0.170815052620493,-0.1817344592479029,-0.2219080024936648,-0.0123201212399017,1,0
2011-08-31,0.743950982308201,0.5389945954184623,0.1329104158725328,0.2000689846771556,-0.0211365495050261,-0.2439239243015223,2.07160710470863,0.0442223015352309,0,0
2011-09-30,-0.0537944937340524,-0.0832644006302714,0.1590891968366683,0.1858537463055129,-0.6022451712325434,-0.5019271534675692,0.8635839063790632,0.2072225641931939,0,0
2011-10-31,0.2861174910513463,-0.8978516842104461,-0.0824899315941615,0.1885357763319198,-0.3887804143684347,-0.4006947059736894,1.1551123420883762,0.7622244829014124,0,0
2011-11-30,0.2615225528564035,-0.888759342318798,0.2586833273071997,0.1573473047494473,-0.8129738058116982,-0.5757601141719496,1.0283728116476636,0.4627134392565092,0,0
2011-12-31,-0.0428826047943795,-1.2560752427689488,0.1073758576116504,0.1390495337764202,-1.8386112473883724,-1.097523908535439,0.7907766458133361,0.3618196357101924,0,0
2012-01-31,0.0659836442141587,-1.2083079065326092,0.153549343609899,0.1291971035342903,-2.0611991368760836,-1.243181534274661,-0.1033637001916168,1.285679459646301,0,0
2012-02-29,0.1147026655069337,-1.1492701781619112,0.2226376999259203,0.1696477084065533,-1.7910043557635713,-1.1799355759033747,-0.3135434439510416,1.8133046853532295,0,0
2012-03-31,0.3109347652008435,-0.930361512999569,-0.1677482465771238,0.1703849100438812,-1.4630490072409197,-1.025605610692763,-0.2851655968531789,2.1374998726866847,0,0
2012-04-30,0.0846917460228582,-1.0134670165990587,-0.5760270210915045,0.1874808128349748,-1.625254854239395,-1.152289550737999,0.3393650396721744,2.065461718903293,0,0
2012-05-31,-0.235786596572689,-0.9002566539160392,-0.5705513205456428,0.1986325064265361,-1.723002167110809,-1.2339571807973353,0.0925779240890733,2.065991581469018,0,0
2012-06-30,0.1021006470761716,-1.2273858314415074,-0.8627768195230463,0.1884910829445211,-1.7623163157640065,-1.2546880979317787,0.3412779500864114,2.093954323497713,1,0
2012-07-31,0.2983149968824576,-1.4305518042953986,-0.6686838337263441,0.1853605193596295,-1.452418937067707,-1.0755132438233548,-0.1007235545329902,2.0623536055482488,1,0
2012-08-31,0.7496223901068773,-1.112471305092687,0.0296080124982306,0.1899185803520094,-0.522457635892643,-0.529469196961057,-2.4146757799275873,1.916857250378505,0,0
2012-09-30,1.2902200022482992,-0.4434996882914383,0.0802847072251638,0.1981428837221286,0.027921599160482,-0.2114944093314971,-1.0204559622427498,1.7708515320146738,0,0
2012-10-31,0.5832194651759641,0.0155549313871959,-0.1625201762901129,0.1793238477219221,-0.2299256154200344,-0.3424093664478102,-1.0966643213189808,1.243422760712055,0,0
2012-11-30,0.618992697008204,-0.266297674595302,-0.7172967434253666,0.1749532914925095,-0.2455948450447829,-0.3463944441329563,-0.8921305627757242,1.7514973497140207,0,0
2012-12-31,0.6033149790499373,-0.1255192021927346,-0.6995313740634745,0.1567194591745989,0.2461559547804384,-0.0356365161360815,-0.3714949715386853,1.9022166869532169,0,0
2013-01-31,0.6703725315352219,-0.3316043619057553,-0.497966169376566,0.1387261266451022,0.6681989903470932,0.2318068259864925,0.1578929852321776,1.1657028075619429,0,0
2013-02-28,0.4847825785535135,-0.5321500739737839,-0.5463644629678602,0.1130905704479677,0.2495279308724728,0.0150674740303161,0.3398441873551395,0.6903133385395611,0,0
2013-03-31,0.5277379111629295,-0.7597511877561027,-0.7899665771339889,0.1090164659773067,-0.1636328842051808,-0.2195880040674081,-0.1848211332547595,0.3210030689358241,1,0
2013-04-30,0.7020681554553554,-0.8730355288076375,-0.7076186732877082,0.0833572551335805,-0.0120153082430429,-0.1029705510464762,0.0842519130191836,0.453885122953172,1,0
2013-05-31,1.2612585935072087,-0.6866350485577342,-0.246163336287408,0.0573789858125815,1.208628499001591,0.6126810314565713,-0.0345120592854234,0.1819353225721026,1,0
2013-06-30,0.882530985390081,-0.5366037927702489,0.2903516171316046,0.0602817094478732,1.6092443944435737,0.8317051352872685,-0.1111469722331769,-0.2181935898442311,0,0
2013-07-31,1.1647332337024794,-0.6646586024002673,0.4191917429399424,0.0410127466056148,1.9309233813684017,1.0484270519838044,-0.3635451479003966,-0.1495128403730356,0,0
2013-08-31,0.7769329547239012,-0.4772536477839463,0.242919287371832,0.0372600552041219,2.0668644471761244,1.1461928333943805,0.0967297908653271,-0.529952088008809,1,0
2013-09-30,0.8418918490203267,-0.7843517137131739,0.2045443757574365,0.0112301947701453,1.7161647387566952,0.9838213492837424,-0.1414097551224379,-0.5216651775353535,1,0
2013-10-31,1.3166157138250076,-0.7411055551834532,0.1770180909484868,0.037253676949403,1.4961391182486874,0.8328231336857572,0.1790875701966656,-0.6139143565423811,1,0
2013-11-30,1.5050062802195114,-0.622484124333894,0.02334922330618,0.0578719635744244,1.8646946834763896,1.0364165612004914,-0.3778300562087336,-0.6759325500562173,1,0
2013-12-31,1.6348013339363914,-0.6726158416948051,0.1095040135480147,0.070978501240858,2.012738372614791,1.122116695224368,-0.0842011613961292,-1.1064417443301926,0,0
2014-01-31,0.9977700044498276,-0.6670463871811882,-0.273196130954571,0.0470122325246046,1.1393086306577582,0.6300256139471445,0.1896997990888198,-0.9927049306251144,1,0
2014-02-28,1.2723626134576238,-0.7371351643575881,-0.0496149487255191,0.0309288996157535,1.2953056977183182,0.7450969578076108,0.0373339062298107,-0.9928673913803572,1,0
2014-03-31,1.078407836461104,-0.7687570889526953,0.0401196673268817,0.0374506804465121,1.4003053850611122,0.8057379103794687,0.2121708571191305,-0.9197281642364944,1,0
2014-04-30,0.9946167576310982,-0.5377806551037245,0.130858702648116,0.0439104999073515,1.5414489299235572,0.8877595447766965,-0.0712730317278373,-0.8439053053153341,1,0
2014-05-31,1.0153114160927743,-0.4278922486137649,0.0261958100307345,0.0585673988545677,0.6645458946539748,0.3338423555132667,-0.1425628200458186,-0.696055857247378,0,0
2014-06-30,1.2800208263713864,-0.3311721435935959,0.1311693346381217,0.0608296388895679,0.2453993457230805,0.0772013118446562,-0.7360599557627276,-0.2189777001338353,0,0
2014-07-31,0.7772086165508706,-0.1301244340841591,-0.3116865443468178,0.0636029057004651,0.2031746503659293,0.0489468310371596,0.236575891202084,-0.4452483700101419,1,0
2014-08-31,1.326312745287512,-0.3281707708893701,-0.6681368758574553,0.0670202857488905,-0.3775656148540997,-0.3015271472379425,-0.0954540790795833,-0.6215197087768695,0,0
2014-09-30,0.957466823920504,-0.371285267275929,-0.7799370055724784,0.0790253907091396,0.0660680182475573,-0.0501809141991715,0.0545337631599743,-1.1164565431716975,0,0
2014-10-31,0.8171803240346083,-0.4557561531391429,-0.889230859987177,0.0621409778273232,-0.0767306368456261,-0.1165119681741337,0.3627766976013528,-1.3671511265641596,0,0
2014-11-30,0.8106492761306746,-0.3945230532487027,-0.9524254363159746,0.0547867867091057,-0.5664737492969615,-0.4027103631551548,-0.2136509111064552,-1.523750462424664,0,0
2014-12-31,0.5771822846359155,-0.5964219100989933,-1.72982280310574,0.0709822846815818,-0.97857278692923,-0.6727952161302682,0.3939445572678866,-1.3386419792142177,0,0
2015-01-31,0.5786765472894224,-0.9372198968539728,-2.034475912276675,0.1034721966063441,-1.1309288398883066,-0.8075498323299127,0.2753655903094568,-0.9986241669703586,0,0
2015-02-28,0.7155853475499813,-0.9051331812705916,-2.0865027227806645,0.0993999272259577,-0.6551722181105724,-0.5129899001482107,-0.12317798480614,-0.8328685345057198,0,0
2015-03-31,0.4900267313763821,-0.5401648548825299,-2.1296889619892294,0.1198127868390823,-0.8238454638000342,-0.6378976218328566,0.2512207615883063,-0.8947492580137398,1,0
2015-04-30,0.51056989530019,-0.4951611362153826,-1.880995000311412,0.1409035544270931,-0.5795352373096996,-0.5176672585008871,-0.2970843457714942,-1.0259647984372635,1,0
2015-05-31,0.4274277266348069,-0.4722799469577806,-1.670337353945012,0.154413017305239,-0.216770343986365,-0.3116103446436437,0.1860928645499289,-1.3999057797312275,0,0
2015-06-30,0.0669363592960877,-0.6615474112742105,-1.7427897030054986,0.1593399518253133,0.0315980758429007,-0.1615947201793607,0.3493442142155197,-1.7274645942251692,0,0
2015-07-31,0.3766840992230176,-0.9847187295279386,-1.9367546115098635,0.1900774861475613,-0.2494187501799895,-0.3807212766278494,0.0709512595206093,-1.613946694657179,1,0
2015-08-31,-0.5223231222204497,-1.0776013190932163,-1.9228677084860148,0.2383499936699963,0.0904119665347468,-0.2138361816632212,1.18489504827287,-1.1699492311049715,0,0
2015-09-30,-0.6084820730198996,-0.9536144612266524,-1.6765692030557722,0.2202114289138154,-0.3547567826706237,-0.4896960578107171,0.8012305261177137,-0.6414870915254373,0,0
2015-10-31,-0.1062577127671356,-0.8740683910820743,-1.320155131028126,0.2369534627031688,0.0360265889517452,-0.2457380133218807,-0.3757564844425414,-0.2048388110762267,0,0
2015-11-30,-0.3178576092567643,-1.0521575409235764,-1.1346156099289917,0.3369534065104268,0.3502487755228948,-0.1456585010799202,0.3823741562940873,-0.1488284358096155,1,0
2015-12-31,-0.4384811069679977,-0.9840752920250342,-0.7348839624867077,0.4374240542481189,0.4505681811123283,-0.1882670387977444,0.1445766015314059,-0.1675745507156583,1,0
2016-01-31,-0.6074685702029853,-0.7498459026012649,-0.4993845887583439,0.4821562205112147,0.6806356080778989,-0.0747372184559452,0.3627239656253008,-0.441655163781517,0,0
2016-02-29,-1.1102662481240946,-0.6259184186068003,-0.6519893523690727,0.5540680665436797,-0.0550554806451172,-0.6641373395618164,0.5380227848701472,-0.5506957757901684,0,0
2016-03-31,-0.3862953825054811,-0.5438878314023268,-0.3022459796083366,0.5460125408000365,0.094089258438578,-0.5472800180060381,-0.3893657579059573,-0.4843550498310445,0,0
2016-04-30,-0.4326214341374275,-0.6219102840561993,-0.4121578290070445,0.5209836734013648,0.0213248444698644,-0.5638705672800989,0.0649366552893091,-0.3736709801840141,1,0
2016-05-31,-0.3863489478151022,-0.8273607209698212,-0.3638897024365775,0.5791378044340428,-0.0493547292974579,-0.6678719299196978,-0.0413716264790525,0.069697730614056,1,0
2016-06-30,-0.1826199942230369,-0.6062648300618135,-0.3049108472344324,0.60084155136295,-0.8907711311846096,-1.2454075303309262,0.4448530246353405,0.5728330848802129,0,0
2016-07-31,-0.0348082424443923,-0.2822104442034738,-0.1322939030929069,0.6407466924441162,-0.6982839298470539,-1.1448205498202582,-0.2553507723694543,0.5173722184638685,0,0
2016-08-31,0.5249120324756148,-0.1525538402329389,0.1503758202209374,0.620675300192186,-0.5202500392962477,-0.992648029966716,-1.361999697800213,0.764163123017526,0,0
2016-09-30,0.7343716740569971,-0.2011639236773053,0.0754016663212438,0.6757287341634209,-0.2535716710817985,-0.8674479780906272,-0.5231624897420388,0.713539924299645,0,0
2016-10-31,-0.1397596295323827,-0.1806218225370876,0.2072005025631107,0.7283410713294116,-0.0360459548005145,-0.7746116521399903,-0.4175943808237355,0.4403707312666219,0,0
2016-11-30,0.1739696617602051,0.4632413796122318,0.1947702968679988,0.7591133578202542,0.6917000349914814,-0.3172226390220529,-0.1084046914481353,0.5597370668179421,0,0
2016-12-31,0.5067352714107115,0.6790056538410802,0.5912702518478561,0.7193925718810372,0.7249636232861962,-0.2509095102996346,-0.6683208259208404,0.5281151929264173,0,0
2017-01-31,1.1219284397505511,0.823376458626407,0.7894692231576336,0.6961909249383814,1.2215191830667025,0.1119629084434855,-1.036542312314879,0.1120503710110756,0,0
2017-02-28,1.4996350536976082,0.8520469932725623,0.8599353253522691,0.6612168898162389,1.3711648664463163,0.2578125594855895,-0.9199395662322748,0.0157343478949796,0,0
2017-03-31,0.9374722101050718,0.5908592865301089,0.4638727867116136,0.9019964924035616,1.3503477191999438,0.0042088970290502,-0.1329352401447546,-0.0139273772237374,0,0
2017-04-30,0.996859574786744,0.5610714420104238,0.4084403981106063,1.01778600406357,1.0943459628688132,-0.2904487687253483,-0.1830634117901881,-0.057531740425721,0,0
2017-05-31,0.9760029702800828,0.607022281604501,0.1121277629868478,1.0587106589022284,0.9493705793899316,-0.4349951059507678,-0.1946479761609826,0.0485567760619391,1,0
2017-06-30,1.0114214471350054,0.6991021890783313,-0.0718426752761086,1.1352806873332733,1.5887441341261712,-0.0632399745426294,-0.7327270796057976,-0.227890349454108,0,0
2017-07-31,0.8864314040183661,0.7175007370313544,0.1187390956557776,1.180894038233774,1.5881989570760386,-0.1059132085429975,-0.1591584247937865,-0.1119709097289501,1,0
2017-08-31,0.8962056202694889,1.0472903982309716,0.1636639233786593,1.1043379699358606,1.137185876104474,-0.3478738736981462,0.2886005757350369,-0.0884963055974575,1,0
2017-09-30,1.098913020378325,1.1007312776179787,0.2126103527428158,1.1155221882032973,1.3913570965465192,-0.1751666253339792,-0.5180239429645861,0.0151707657007679,1,0
2017-10-31,1.488606143255945,1.209358166292532,0.1226462384372849,1.0972817690597807,1.105357637361721,-0.3633609932848621,-0.0733922860034519,0.2631022658935986,1,0
2017-11-30,1.4611090755024772,0.814172660378652,0.4497527224462165,1.1179149995126167,0.3999459239033994,-0.898477666799784,-0.2204834436463765,0.2767788896858286,0,0
2017-12-31,1.3790395676515417,0.6958799983734376,0.2816344547693024,1.1295560221081713,0.2502992731610073,-1.0166318940948038,-0.0653598846559679,0.3299167297105617,0,0
2018-01-31,1.7890635481661752,0.7720458436061457,0.478036717280259,1.2023771376580208,0.6941355569462739,-0.7638515672887701,0.2063802536907469,0.5411996958710437,1,0
2018-02-28,0.9831235126117692,0.6456918854121145,0.4029753268376299,1.3456951134455388,1.021815984507776,-0.6573895415942705,1.3603089302646252,0.127307073036705,0,0
2018-03-31,0.6794974792107316,0.6025827855978273,0.5830809645891809,1.2719911427614523,0.7636687333164165,-0.7329634884361488,0.9039386732262776,0.2138458659445412,0,0
2018-04-30,0.6102395437201841,0.7078346405173854,0.6655928714130505,1.2925975603656537,1.2058594700300438,-0.3722062610094708,0.6920098325261079,0.1886539413880036,0,0
2018-05-31,0.7174916037450142,0.7365134727344739,0.9255986680013342,1.3117256878354986,1.1288370302754451,-0.4146121912879713,0.2272200111539135,0.054004590136179,0,0
2018-06-30,0.7102281177553021,0.7446870674629094,1.0078411125337583,1.2582061015110384,0.997054132018638,-0.4357720999961243,0.1729743502170861,0.3022577765716019,1,0
2018-07-31,0.9037203160924892,0.2044099936948586,1.1033517667556862,1.2447250892114896,1.1507869160663098,-0.2432483003068544,0.2568267320217214,0.3944008105464072,1,0
2018-08-31,1.22762285976215,-0.1795499726568999,0.954002445793254,1.4115865191327608,1.2442019256449908,-0.2886829717968479,-0.0986790355232056,0.203710274564768,0,0
2018-09-30,1.0703988055471838,-0.2308814588241504,0.9716133826403536,1.5366905429928592,1.1946785012032954,-0.3979595222050339,0.0728050554527639,-0.1568120834282139,0,0
2018-10-31,-0.0289898306382459,-0.2794600161946758,0.9105735194500816,1.7107799524506755,1.2447391058951285,-0.4257333798526085,1.4248734664084513,-0.6290387317345085,0,0
2018-11-30,-0.1643778948798136,-0.3195130298062129,0.1627688520145954,1.670068976295234,0.9721882604123312,-0.5496767412367988,1.0608051872087654,-0.7928637283662109,0,0
2018-12-31,-1.4937600773934727,-0.4111920171317325,-0.1955158522599215,1.6822902816659262,0.5308735608575972,-0.8828393039044095,1.792003679003751,-0.1249275581946249,0,0
2019-01-31,-1.343527237191237,-0.6475881101213788,-0.3720695420707651,1.6088185691464196,-0.0351118362232143,-1.2876033940447396,0.8515564662984597,-0.6910274896665793,0,0
2019-02-28,-0.469518196128637,-0.4330511325870744,-0.1879993277128596,1.3730351781837835,-0.113513434159599,-1.1463985739870357,-1.057799974908232,-0.2302247525459276,0,0
2019-03-31,0.1424980589592409,-0.2546919780618537,-0.0967714483164373,1.1311376451929247,-0.4003708728070276,-1.2267543719079672,-0.4445350095881593,-0.4294999083551497,0,0
2019-04-30,0.7169655563996733,-0.3179144688614335,-0.0262353861673071,0.966662653986222,-0.5662024755403953,-1.2483935740069372,-0.630015504088029,-0.3460920146194378,0,0
2019-05-31,-0.8138655382988884,-0.6031790463558896,-0.3523302281001832,0.7050818958490851,-0.9347648840711372,-1.4011310075778014,0.4741703158687567,0.2539900467051306,1,0
2019-06-30,0.2586275698743371,-0.8123153367965787,-0.5727458908217868,0.2215747758264564,-1.1620887684572674,-1.3004910015517377,0.4217450286382378,-0.2754619606210557,0,0
2019-07-31,-0.1556887672088633,-0.3141960336932942,-0.6406367057725961,-0.1074112752322947,-1.282108175738297,-1.2253396446911895,0.1669063755303625,-0.3853132412853658,0,0
2019-08-31,-1.148850921906726,-0.3443054443962556,-0.6473052398825818,-0.7151123347729793,-1.8615784680477043,-1.5034034282171074,1.3710425398421693,-0.2437121815518534,0,0
2019-09-30,-0.9085937464292247,-0.3130481379400727,-0.6643456384006697,-1.1870974724755046,-1.842751454849149,-1.2580557998338264,0.3975168576685923,-0.017288426741923,0,0
2019-10-31,0.9393238330701528,-0.4215211348709951,-0.8305609494799858,-2.1505130428482606,-1.934557595110925,-0.8437498079677326,-0.9215176040755332,0.5946254991990008,0,0
2019-11-30,1.308495370499381,-0.3199839505877761,0.0175007497841545,-2.5787136779431825,-1.577534737614308,-0.2105272884204132,-1.0570627318519474,0.6065183172452507,0,0
2019-12-31,3.0,-0.0611990794570913,0.5475353395010378,-2.590731123808621,-0.926340162220178,0.5724756837659782,-1.8116912416545412,-0.108239552495346,0,1
2020-01-31,2.0936457401510906,0.0301827043690555,0.3520016061690462,-2.5565941640892507,-1.4008094624866023,0.0791097540391683,-0.5100417470741692,0.5528599270090807,0,0
2020-02-29,-0.1960080742656108,-0.4893263426046641,-0.1740128593183416,-2.5304405216579213,-2.0313480871368896,-0.6262749984551895,1.467880932786475,1.0556802458857764,0,1
2020-03-31,-2.833837698078882,-0.9880690047835906,-1.4324427448159076,-3.0,-2.140308538008985,1.190136075269454,3.0,1.6147197999392953,0,0
2020-04-30,-1.4259064257340488,-1.0839380625720874,-2.3396256094880483,-3.0,-2.293150117221861,1.1471544704675414,2.6905163627710587,1.260205860276899,0,1
2020-05-31,0.6314344971931122,-0.5755717148626492,-1.5278219900168926,-3.0,-1.7344508013051785,1.6960428147871116,0.6169392197648811,0.7084815128609164,0,1
2020-06-30,-0.2177502224315535,-0.0215267706207508,-0.6959225153732257,-3.0,-1.5093276365890114,1.5688377884417386,1.3621650911770278,1.011504320210571,0,1
2020-07-31,0.610311095907513,0.4592755678135245,-0.6988005453817858,-3.0,-1.6561369395451964,1.2785081782222625,0.3641432991884915,0.880339844513459,0,0
2020-08-31,2.3304250726622864,0.7665685491114743,-0.4759000737060062,-3.0,-0.7424464386098723,2.1136357449280565,-1.189476785325733,0.7808953378806469,0,1
2020-09-30,1.1449203669693693,0.9072514090743604,-0.7151401784501581,-2.774129783628213,-1.017325540641698,1.64597127432427,1.171074725121322,0.7343862451308438,0,0
2020-10-31,0.187504442472402,0.933502450473269,-0.5639608158261751,-2.350944392058586,-0.777895737556006,1.538471395250557,0.7363315875658706,0.3378675829356537,0,0
2020-11-30,1.688532670541981,1.162022290410644,-0.6328175031006764,-2.142476254423471,-0.941116949487406,1.1699934199331514,0.7598074487608325,0.2583643694951744,0,0
2020-12-31,1.913909627282257,1.5964284877340538,-0.4561529000263917,-2.0848713727174863,-0.9989299953103914,1.0767332610326548,-0.0413878483191184,0.2544557475559258,0,0
2021-01-31,1.6594193393147774,1.8181082075214392,-0.070392975828844,-2.0173394730809844,-0.2193542465302172,1.904006542959344,0.2579214804743752,0.0444902490815865,0,0
2021-02-28,3.0,2.5681891291864436,0.6579564206546358,-2.0200474296094058,0.7090481378535838,2.88528297922603,-0.7201713516643734,-0.2594415394417076,0,1
2021-03-31,3.0,3.0,1.9133452217375777,-0.349583814813527,1.6348758089435025,2.1237388923089604,-3.0,-0.6762585593083956,0,1
2021-04-30,3.0,3.0,2.482477787640692,-0.1580476766983841,1.5648332285100064,1.842024084528325,-2.0030151200288535,-0.3741028970011774,0,1
2021-05-31,3.0,3.0,2.031793558099328,-0.1444999686640103,1.4365391661763744,1.683575062100145,-0.5897657574907668,-0.3654511414175672,0,1
2021-06-30,3.0,2.9775057707323263,1.8346623810074525,-0.1576994105670369,1.2450151917941328,1.487564481661935,-1.4168686208853034,-0.3979304672217348,0,0
2021-07-31,3.0,2.3684607865196057,1.753966452430624,-0.1035070697522343,1.1039236324800634,1.280409293388994,-0.1292842965568725,-0.3769738290190323,0,0
2021-08-31,2.7217675999561095,2.1775133568194707,1.421607330651807,-0.0635471028683029,0.9528174905712624,1.0783333178410843,0.026082815211887,-0.4418063300463226,0,0
2021-09-30,2.365601482145394,1.948243852682945,1.720117648037469,-0.0916865442071863,1.245445599780138,1.4139532822012846,-0.7783718316800551,-0.6392169239483744,0,0
2021-10-31,3.0,2.241401926897056,2.152224539987205,-0.0650395013909004,1.0295187849358085,1.1563762929782877,-0.6601652887065851,-0.183131562906077,1,0
2021-11-30,2.149136517053703,1.8685895342105556,1.93152137939131,-0.0524021874211299,0.9148811305462508,1.0207283358708297,-0.2130689782883212,-0.037783741248017,0,0
2021-12-31,2.291009598971293,1.2238495127030795,1.2822351405402452,-0.0398761200735354,0.9005099292464693,0.9919703255509849,0.6383025399864858,-0.2710461495800099,0,0
2022-01-31,1.5849687009029445,1.2249138643148043,1.5661483661015272,0.094684296368589,0.999598843195498,0.9649046142557474,0.1784491486724741,-0.3702007239068238,0,0
2022-02-28,0.8076110422635638,0.9698213723453916,1.6081060011323534,0.3914791466382767,0.6196746242925258,0.2684697020594244,0.61119119629261,-0.60068953781301,0,0
2022-03-31,0.7778230018516262,0.7941019157291351,2.1718829945236564,0.5498556807134818,0.8484184275732838,0.3509267127019173,0.5516322413882854,-0.5304456927570085,0,0
2022-04-30,-1.159998206944421,0.4962292444544234,1.8519884415135035,0.9879394243302132,1.6694992765282275,0.7895854184411008,0.9291758802540856,-1.473790555992604,0,0
2022-05-31,-1.230165763008565,-0.655330394674101,1.9914159249207977,1.2679909558815683,1.6819206718210074,0.5137859124067162,1.179172275162527,-1.803224140284392,0,1
2022-06-30,-2.5551122806235527,-0.5382667419211096,1.9031947592874,1.8849135898858005,1.9817229780631385,0.1745518214022337,1.3972698867340716,-1.8064351347910803,0,1
2022-07-31,-1.7572051972314715,-1.4683935893454874,1.2642845138272536,2.7411704791725553,1.8196112602349923,-1.03324629431438,0.5087961293482771,-2.089236168624789,0,1
2022-08-31,-2.594257638430742,-1.0996767711439857,1.1159604636496234,3.0,2.28755232300057,-1.0045201418662626,0.7862736495043426,-2.577045582626517,0,1
2022-09-30,-2.9193521384706744,-1.2203411474095651,0.5464392841039616,3.0,2.7499693694569474,-1.0679014925418202,0.7217174596384506,-2.928188547609442,0,0
2022-10-31,-2.8322274640748417,-1.6126739862169437,0.26686082303776,3.0,2.9079088186597746,-1.5391797243607963,1.114019248753733,-2.911557671193991,0,0
2022-11-30,-2.0919259925149225,-1.2428062771897894,0.2252144547349714,3.0,2.4667450327899068,-2.5053145027255495,0.956231499820432,-3.0,0,0
2022-12-31,-3.0,-0.8791798845409617,0.1991247657638424,3.0,2.5016482122519803,-2.3981914529582244,-0.003856336232984,-2.846069447745973,0,0
2023-01-31,-1.816078919286063,-0.5734485658892294,-0.2200587555821166,3.0,1.759180063949664,-3.0,-0.2055206064554176,-2.672326110497812,0,0
2023-02-28,-1.693192152704388,-0.7507960406109584,-0.6303558789694022,3.0,2.0973058032770027,-2.6667347589928316,-0.6103977628877687,-3.0,0,0
2023-03-31,-1.7042839328452188,-1.0005957996036323,-1.4795894903065188,3.0,1.0718123923415206,-3.0,-0.3518417012001269,-3.0,0,0
2023-04-30,-0.5431665048429287,-0.9817334030908482,-0.9287621380109072,2.988224055187791,0.4058769265258187,-3.0,-0.8731582640368631,-2.8800908536074776,0,1
2023-05-31,-0.5114112697160972,-0.8446086754251082,-1.5580191205511065,2.858447347929409,0.6624243866954914,-3.0,-1.2857013101210983,-2.5050450622969525,0,0
2023-06-30,1.0291896543953072,-0.4760908728752967,-1.7917789030623124,2.4057351073534465,0.705855715767413,-2.708640076436534,-1.3015324525250462,-2.3248389649432313,0,1
2023-07-31,0.5083942483734504,0.5907987587502099,-0.9913242198654184,1.880695482623129,1.208663402246844,-1.521470955194024,-0.7585324556288784,-1.9234688795710329,0,0
2023-08-31,0.7352446259184302,0.1974133149735077,-0.437674683648755,1.593838036222191,0.8253324653100557,-1.5072555842483066,-0.5930514351247513,-1.595208676071436,0,0
2023-09-30,1.0942219630862038,0.3022633307384618,0.2824199959214126,1.2284477829613996,0.6340925608684261,-1.177753553031068,-0.9138312620099858,-1.2439897120689245,0,0
2023-10-31,0.1487286187902429,0.1268592350257237,-0.0046017999532998,0.8097966554872997,0.6566335721525584,-0.5529092815680937,-0.9252883176199752,-1.388481877864696,0,0
2023-11-30,0.5584898924843839,0.0210536450458831,-0.1964892643686079,0.4467061284003619,0.5650475700513786,-0.1122691058997201,-1.1335587545691062,-1.4182248094740189,0,0
2023-12-31,1.6298154315478377,-0.0633537908725812,-0.1035702229174426,0.348251910022968,-0.1732550482344416,-0.6895944537661771,-0.5749569602760312,-1.352355127920119,0,0
2024-01-31,1.2159865851878446,-0.5660253668335818,-0.0787093574439566,0.1233312839514724,0.3415715011398246,0.149420568805027,-0.3643470260711577,-1.133069988467179,1,0
2024-02-29,2.035875579810895,-0.5213572960303351,0.1042203378071363,0.0554370791895434,0.193007730315784,0.1062536381973237,-0.187494502815951,-0.6257282612302324,0,0
2024-03-31,2.028464102897706,-0.2038813421884162,0.4170076136675278,0.0234259402651996,0.6215146702490195,0.57954756741669,-0.5938369820528355,0.0711154211987687,0,0
2024-04-30,1.349296371587467,0.3618915762805305,0.3319315768130609,-0.1428347972175114,1.1961234049226466,1.4051282545535313,0.0832086467458649,0.0481318492308092,0,0
2024-05-31,1.847998534055019,1.224244329268668,0.4364049090479779,-0.2935331497714785,0.7742681868474195,1.2121967228117676,-0.252402807424281,0.0017766976153029,0,0
2024-06-30,1.6155791510055546,0.750079351120757,0.4812030268794995,-0.3155488237222993,0.4204610063978999,0.8924009759126145,-0.2551704803415441,-0.0891649069447226,0,0
2024-07-31,1.4154920220407583,0.5083633400517145,0.3222232074967816,-0.4081159731865796,-0.0490040746666325,0.5670187907772634,0.3975949238547953,-0.1091776738081315,0,0
2024-08-31,1.8432169337440336,0.3062875042706549,-0.110616990783983,-0.5491462700688188,-0.3784072386194906,0.4545391758242413,0.4673310181141782,-0.0289322934443077,0,0
2024-09-30,2.496914310834849,0.5320325690700468,-0.705630254552387,-0.79370267975575,-1.0224620124193204,0.1860878816886723,0.1977529289652117,0.1537397068540009,0,0
2024-10-31,2.487919943027558,0.9561204071675756,-0.4781973850731784,-0.9497343440657292,-0.8218146806629835,0.6226153083982853,-0.2319072894838049,0.1315169381848216,0,0
2024-11-30,2.313667187052808,0.460036470435113,-0.2382532773058927,-0.9561384057927688,-0.3817403379016867,1.0690879667205475,0.1721911674182691,0.2542029197297473,0,0
2024-12-31,1.554209784289625,0.1987495605843034,-0.0045554256693414,-1.031566157575242,0.5726337795906387,2.090047350327026,0.3099272953057265,0.2235309558164164,0,0
