,sp500,copper,oil,policy_rate,dgs10,yield_curve,market_vol,stock_bond_corr
1928-01-31,,,,,,,,
1928-02-29,,,,,,,0.10702495624593722,
1928-03-31,,,,,,,0.11502097953695381,
1928-04-30,,,,,,,0.16266771903753197,
1928-05-31,,,,,,,0.1672875206163431,
1928-06-30,,,,,,,0.22652510769858203,
1928-07-31,,,,,,,0.14733169011990754,
1928-08-31,,,,,,,0.12128588172972161,
1928-09-30,,,,,,,0.09710404835653977,
1928-10-31,,,,,,,0.10948606058738646,
1928-11-30,,,,,,,0.11456639653788385,
1928-12-31,,,,,,,0.22146553944187475,
1929-01-31,,,,,,,0.15153689342643006,
1929-02-28,,,,,,,0.1871813772767136,
1929-03-31,,,,,,,0.24777693959407268,
1929-04-30,,,,,,,0.1405111981732992,
1929-05-31,,,,,,,0.26758328600351106,
1929-06-30,,,,,,,0.12062102361415852,
1929-07-31,,,,,,,0.1283471072769668,
1929-08-31,,,,,,,0.2104081190859363,
1929-09-30,,,,,,,0.21464155163465923,
1929-10-31,,,,,,,0.8590932540984918,
1929-11-30,,,,,,,1.0192762397123885,
1929-12-31,,,,,,,0.3442803861227429,
1930-01-31,,,,,,,0.11846664053521579,
1930-02-28,,,,,,,0.14538587022813462,
1930-03-31,,,,,,,0.15080172631236516,
1930-04-30,,,,,,,0.23171181082344916,
1930-05-31,,,,,,,0.2591145040083061,
1930-06-30,,,,,,,0.45800403201958495,
1930-07-31,,,,,,,0.28623755720993266,
1930-08-31,,,,,,,0.2365146590072088,
1930-09-30,,,,,,,0.20089752141389794,
1930-10-31,,,,,,,0.3519491051995458,
1930-11-30,,,,,,,0.31356501844217877,
1930-12-31,,,,,,,0.32939332433349616,
1931-01-31,,,,,,,0.4213703124756116,
1931-02-28,,,,,,,0.22450527478564825,
1931-03-31,,,,,,,0.24289195785445974,
1931-04-30,,,,,,,0.29279781669922106,
1931-05-31,,,,,,,0.2948696500768624,
1931-06-30,,,,,,,0.5237121720247859,
1931-07-31,,,,,,,0.2850909629558826,
1931-08-31,,,,,,,0.2179102852825387,
1931-09-30,,,,,,,0.48425493536263775,
1931-10-31,,,,,,,0.7297177216174845,
1931-11-30,,,,,,,0.3860640507457806,
1931-12-31,,,,,,,0.48919076085269747,
1932-01-31,,,,,,,0.49911704191820677,
1932-02-29,,,,,,,0.5130839777941295,
1932-03-31,,,,,,,0.3586214413043687,
1932-04-30,,,,,,,0.44220306911347196,
1932-05-31,,,,,,,0.4774253095814013,
1932-06-30,,,,,,,0.5957476833552677,
1932-07-31,,,,,,,0.4402912638663492,
1932-08-31,,,,,,,0.6188278455248873,
1932-09-30,,,,,,,0.7016335433855688,
1932-10-31,,,,,,,0.6567696484040638,
1932-11-30,,,,,,,0.5369521126342649,
1932-12-31,,,,,,,0.3359712693999392,
1933-01-31,,,,,,,0.264379560023112,
1933-02-28,,,,,,,0.4180253016410074,
1933-03-31,,,,,,,0.7591425508747347,
1933-04-30,,,,,,,0.585682628069188,
1933-05-31,,,,,,,0.4065020117611728,
1933-06-30,,,,,,,0.51739456299494,
1933-07-31,,,,,,,0.6697481682736239,
1933-08-31,,,,,,,0.35476112635806617,
1933-09-30,,,,,,,0.3789919606267519,
1933-10-31,,,,,,,0.5422300910472737,
1933-11-30,,,,,,,0.33283964034327485,
1933-12-31,,,,,,,0.28233456604371243,
1934-01-31,,,,0.72,,,0.27159142921750434,
1934-02-28,,,,0.62,,,0.2993434748108868,
1934-03-31,,,,0.24,,,0.2913900638103592,
1934-04-30,,,,0.15,,,0.1766056871132784,
1934-05-31,,,,0.16,,,0.2888639102347596,
1934-06-30,,,,0.15,,,0.28239033995987767,
1934-07-31,,,,0.15,,,0.36283273363987834,
1934-08-31,,,,0.19,,,0.2605928438530934,
1934-09-30,,,,0.21,,,0.2442830351286398,
1934-10-31,,,,0.27,,,0.19999539517724926,
1934-11-30,,,,0.25,,,0.19840710228158162,
1934-12-31,,,,0.23,,,0.18736401092564064,
1935-01-31,,,,0.2,,,0.16325951293532245,
1935-02-28,,,,0.19,,,0.18833913042679656,
1935-03-31,,,,0.15,,,0.2304282444528699,
1935-04-30,,,,0.15,,,0.5263819248130226,
1935-05-31,,,,0.15,,,0.44386493150588796,
1935-06-30,,,,0.15,,,0.17481832398359018,
1935-07-31,,,,0.15,,,0.14701479091660682,
1935-08-31,,,,0.16,,,0.42849888326044233,
1935-09-30,,,,0.2,,,0.1824192296958614,
1935-10-31,,,,0.2,,,0.17253076990311098,
1935-11-30,,,,0.16,,,0.17732624983744344,
1935-12-31,,,,0.15,,,0.2445573373732036,
1936-01-31,,,,0.2,,,0.15373680351613697,
1936-02-29,,,,0.2,,,0.1653016840741294,
1936-03-31,,,,0.2,,,0.24657548367182497,
1936-04-30,,,,0.2,,,0.26389409780569,
1936-05-31,,,,0.2,,,0.1789260537586198,
1936-06-30,,,,0.2,,,0.1490930103688185,
1936-07-31,,,,0.15,,,0.1403679216298335,
1936-08-31,,,,0.2,,,0.18346101566405654,
1936-09-30,,,,0.16,,,0.31887919627196865,
1936-10-31,,,,0.13,,,0.15269405996692176,
1936-11-30,,,,0.11,,,0.1726469590616284,
1936-12-31,,,,0.12,,,0.14268985205511991,
1937-01-31,,,,0.17,,,0.13755126594261075,
1937-02-28,,,,0.15,,,0.14120532234942249,
1937-03-31,,,,0.38,,,0.19624872920246794,
1937-04-30,,,,0.56,,,0.2608030588060689,
1937-05-31,,,,0.41,,,0.23316569120849295,
1937-06-30,,,,0.36,,,0.20445605043291645,
1937-07-31,,,,0.28,,,0.1732860878615328,
1937-08-31,,,,0.29,,,0.14979148149668584,
1937-09-30,,,,0.31,,,0.41032956674424925,
1937-10-31,,,,0.2,,,0.5496917377416632,
1937-11-30,,,,0.09,,,0.47318382619941624,
1937-12-31,,,,0.11,,,0.28681125056171125,
1938-01-31,,,,0.1,,,0.43034130145363264,
1938-02-28,,,,0.08,,,0.30598707022958965,
1938-03-31,,,,0.08,,,0.3584656937332985,
1938-04-30,,,,0.09,,,0.39281511909076394,
1938-05-31,,,,0.05,,,0.29067132587851147,
1938-06-30,,,,0.05,,,0.32821082641337584,
1938-07-31,,,,0.07,,,0.281016083567895,
1938-08-31,,,,0.06,,,0.2767735110480297,
1938-09-30,,,,0.08,,,0.4237267561432974,
1938-10-31,,,,0.05,,,0.4598665702930291,
1938-11-30,,,,0.04,,,0.2528922992682178,
1938-12-31,,,,0.03,,,0.16833240796250784,
1939-01-31,,,,0.03,,,0.33031685124941074,
1939-02-28,,,,0.03,,,0.21788986087652942,
1939-03-31,,,,0.03,,,0.3049509098873437,
1939-04-30,,,,0.03,,,0.3241001317832427,
1939-05-31,,,,0.03,,,0.20829881081908622,
1939-06-30,,,,0.03,,,0.19317192825677404,
1939-07-31,,,,0.04,,,0.21793435469517503,
1939-08-31,,,,0.05,,,0.26957795892583547,
1939-09-30,,,,0.14,,,0.491032831124451,
1939-10-31,,,,0.05,,,0.13994720298435526,
1939-11-30,,,,0.05,,,0.1219081198661099,
1939-12-31,,,,0.04,,,0.11466232565617165,
1940-01-31,,,,0.01,,,0.12397005170897854,
1940-02-29,,,,0.02,,,0.07612199061909898,
1940-03-31,,,,0.02,,,0.09216101112735296,
1940-04-30,,,,0.02,,,0.12105358280242487,
1940-05-31,,,,0.06,,,0.43579677571399966,
1940-06-30,,,,0.1,,,0.3480202129052899,
1940-07-31,,,,0.05,,,0.11698639016143195,
1940-08-31,,,,0.04,,,0.20667154819577385,
1940-09-30,,,,0.05,,,0.2180147504407772,
1940-10-31,,,,0.02,,,0.12351751650521534,
1940-11-30,,,,0.02,,,0.2769082599357497,
1940-12-31,,,,0.02,,,0.08553687016871317,
1941-01-31,,,,0.02,,,0.14606080276297287,
1941-02-28,,,,0.04,,,0.19470785346180416,
1941-03-31,,,,0.11,,,0.13722303145103698,
1941-04-30,,,,0.1,,,0.13778740893018285,
1941-05-31,,,,0.11,,,0.13402993038865874,
1941-06-30,,,,0.12,,,0.1326655256351861,
1941-07-31,,,,0.12,,,0.13039813198059808,
1941-08-31,,,,0.13,,,0.08328760723766115,
1941-09-30,,,,0.1,,,0.11576427538204974,
1941-10-31,,,,0.09,,,0.1168665961184764,
1941-11-30,,,,0.28,,,0.12782510135692748,
1941-12-31,,,,0.33,,,0.27150151552238916,
1942-01-31,,,,0.27,,,0.17024505384834393,
1942-02-28,,,,0.25,,,0.12129782678142574,
1942-03-31,,,,0.25,,,0.18480866505417426,
1942-04-30,,,,0.32,,,0.16855951502183902,
1942-05-31,,,,0.37,,,0.13959051391149768,
1942-06-30,,,,0.37,,,0.13282812928008603,
1942-07-31,,,,0.38,,,0.1480127991216084,
1942-08-31,,,,0.38,,,0.08814393626650308,
1942-09-30,,,,0.38,,,0.0792408992851228,
1942-10-31,,,,0.38,,,0.1215110934039638,
1942-11-30,,,,0.38,,,0.12588569745703537,
1942-12-31,,,,0.38,,,0.08858752052363894,
1943-01-31,,,,0.38,,,0.09747005028413781,
1943-02-28,,,,0.38,,,0.11202155333572313,
1943-03-31,,,,0.38,,,0.1188242355611954,
1943-04-30,,,,0.38,,,0.17178827225043827,
1943-05-31,,,,0.38,,,0.13154353574889002,
1943-06-30,,,,0.38,,,0.11581517780161088,
1943-07-31,,,,0.38,,,0.16113185754269144,
1943-08-31,,,,0.38,,,0.13976578403947287,
1943-09-30,,,,0.38,,,0.0877638220724837,
1943-10-31,,,,0.38,,,0.09395795834142025,
1943-11-30,,,,0.38,,,0.14010524017277462,
1943-12-31,,,,0.38,,,0.09737286450649826,
1944-01-31,,,,0.38,,,0.08533390692497579,
1944-02-29,,,,0.38,,,0.09312859323342282,
1944-03-31,,,,0.38,,,0.09147510492320063,
1944-04-30,,,,0.38,,,0.09629285591845214,
1944-05-31,,,,0.38,,,0.05437059167230663,
1944-06-30,,,,0.38,,,0.10146907450488298,
1944-07-31,,,,0.38,,,0.10423047433891487,
1944-08-31,,,,0.38,,,0.07910774845604764,
1944-09-30,,,,0.38,,,0.12023279162949052,
1944-10-31,,,,0.38,,,0.08815829061434462,
1944-11-30,,,,0.38,,,0.0759999207020755,
1944-12-31,,,,0.38,,,0.09542546134461266,
1945-01-31,,,,0.38,,,0.10166671566807899,
1945-02-28,,,,0.38,,,0.08721866866616922,
1945-03-31,,,,0.38,,,0.15919013127124942,
1945-04-30,,,,0.38,,,0.11600213379247364,
1945-05-31,,,,0.38,,,0.10321882240032526,
1945-06-30,,,,0.38,,,0.09419446705204615,
1945-07-31,,,,0.38,,,0.1477005678005001,
1945-08-31,,,,0.38,,,0.14903545898770817,
1945-09-30,,,,0.38,,,0.1363023461616086,
1945-10-31,,,,0.38,,,0.11173533900620627,
1945-11-30,,,,0.38,,,0.13213926630419545,
1945-12-31,,,,0.38,,,0.1564348863620364,
1946-01-31,,,1.17,0.38,,,0.1837287988896925,
1946-02-28,,,1.17,0.38,,,0.26321202531501914,
1946-03-31,,,1.17,0.38,,,0.1429242663168362,
1946-04-30,,,1.27,0.38,,,0.11450769172621787,
1946-05-31,,,1.27,0.38,,,0.11949689425275958,
1946-06-30,,,1.27,0.38,,,0.13028983513770187,
1946-07-31,,,1.27,0.38,,,0.14141630719175255,
1946-08-31,,,1.52,0.38,,,0.14147354806453769,
1946-09-30,,,1.52,0.38,,,0.5145899457818374,
1946-10-31,,,1.52,0.38,,,0.26743084174966836,
1946-11-30,,,1.52,0.38,,,0.251079518334441,
1946-12-31,,,1.62,0.38,,,0.19410552013904164,
1947-01-31,,,1.62,0.38,,,0.1631585166335358,
1947-02-28,,,1.62,0.38,,,0.1293814554934565,
1947-03-31,,,1.62,0.38,,,0.17188810032473703,
1947-04-30,,,1.87,0.38,,,0.19667020116366032,
1947-05-31,,,1.87,0.38,,,0.17862980033953002,
1947-06-30,,,1.87,0.38,,,0.15043783702155025,
1947-07-31,,,1.87,0.66,,,0.14340966104463868,
1947-08-31,,,1.87,0.75,,,0.100055005264732,
1947-09-30,,,1.87,0.8,,,0.1292080072702296,
1947-10-31,,,1.87,0.85,,,0.10948218372988787,
1947-11-30,,,2.07,0.92,,,0.08440671052063112,
1947-12-31,,,2.07,0.95,,,0.11140288375184307,
1948-01-31,,,2.57,0.97,,,0.10945001717232884,
1948-02-29,,,2.57,1.0,,,0.20944384404858288,
1948-03-31,,,2.57,1.0,,,0.15043829641757578,
1948-04-30,,,2.57,1.0,,,0.07992204272494341,
1948-05-31,,,2.57,1.0,,,0.11908262088963663,
1948-06-30,,,2.57,1.0,,,0.10409938777218174,
1948-07-31,,,2.57,1.0,,,0.17754931824346842,
1948-08-31,,,2.57,1.06,,,0.12057725834011021,
1948-09-30,,,2.57,1.09,,,0.1682920933011476,
1948-10-31,,,2.57,1.12,,,0.09122617032891135,
1948-11-30,,,2.57,1.14,,,0.26478145838257655,
1948-12-31,,,2.57,1.16,,,0.08497188840358881,
1949-01-31,,,2.57,1.17,,,0.18257554771527804,
1949-02-28,,,2.57,1.17,,,0.14085290340249787,
1949-03-31,,,2.57,1.17,,,0.11523745999449622,
1949-04-30,,,2.57,1.17,,,0.0819971715357635,
1949-05-31,,,2.57,1.17,,,0.1086631879138015,
1949-06-30,,,2.57,1.17,,,0.14135859802951753,
1949-07-31,,,2.57,1.02,,,0.07509047145322822,
1949-08-31,,,2.57,1.04,,,0.11174237822667793,
1949-09-30,,,2.57,1.07,,,0.13299113564804527,
1949-10-31,,,2.57,1.05,,,0.08190304577763223,
1949-11-30,,,2.57,1.08,,,0.10670751688005987,
1949-12-31,,,2.57,1.1,,,0.0691566518800089,
1950-01-31,,,2.57,1.07,,,0.11163646667530881,
1950-02-28,,,2.57,1.12,,,0.08473603719733734,
1950-03-31,,,2.57,1.12,,,0.07873787996631551,
1950-04-30,,,2.57,1.15,,,0.09699676567791737,
1950-05-31,,,2.57,1.16,,,0.07677109931445134,
1950-06-30,,,2.57,1.15,,,0.2648933770720787,
1950-07-31,,,2.57,1.16,,,0.20789978036718462,
1950-08-31,,,2.57,1.2,,,0.10978348550255018,
1950-09-30,,,2.57,1.3,,,0.11687067922742196,
1950-10-31,,,2.57,1.31,,,0.14362315439050619,
1950-11-30,,,2.57,1.36,,,0.18131541688199757,
1950-12-31,,,2.57,1.34,,,0.19726950959187628,
1951-01-31,,,2.57,1.34,,,0.13216954954780974,
1951-02-28,,,2.57,1.36,,,0.11269434443055888,
1951-03-31,,,2.57,1.4,,,0.11564662421923948,
1951-04-30,,,2.57,1.47,,,0.09111769948759527,
1951-05-31,,,2.57,1.55,,,0.1281266790494554,
1951-06-30,,,2.57,1.45,,,0.1143482786877684,
1951-07-31,,,2.57,1.56,,,0.11991129435141534,
1951-08-31,,,2.57,1.62,,,0.06380965475062382,
1951-09-30,,,2.57,1.63,,,0.06160379863415127,
1951-10-31,,,2.57,1.54,,,0.12893660019175693,
1951-11-30,,,2.57,1.56,,,0.11186991576709261,
1951-12-31,,,2.57,1.73,,,0.06897943475763203,
1952-01-31,,,2.57,1.57,,,0.08407588783165862,
1952-02-29,,,2.57,1.54,,,0.09889066104885083,
1952-03-31,,,2.57,1.59,,,0.08233975385732945,
1952-04-30,,,2.57,1.57,,,0.0882072901244288,
1952-05-31,,,2.57,1.67,,,0.07839048715826209,
1952-06-30,,,2.57,1.7,,,0.0531126647456092,
1952-07-31,,,2.57,1.81,,,0.06107848214535275,
1952-08-31,,,2.57,1.83,,,0.05708173614433769,
1952-09-30,,,2.57,1.71,,,0.07155440808118624,
1952-10-31,,,2.57,1.74,,,0.11190558459476978,
1952-11-30,,,2.57,1.85,,,0.07849812336607809,
1952-12-31,,,2.57,2.09,,,0.05216616692707364,
1953-01-31,,,2.57,1.96,,,0.07217600914349181,
1953-02-28,,,2.57,1.97,,,0.13812872286592864,
1953-03-31,,,2.57,2.01,,,0.09054539389879225,
1953-04-30,,,2.57,2.19,,,0.12346632424166419,
1953-05-31,,,2.57,2.16,,,0.08293054517219377,
1953-06-30,,,2.82,2.11,,,0.09993966290203556,
1953-07-31,,,2.82,2.04,,,0.08118481062637004,
1953-08-31,,,2.82,2.04,,,0.07818206013278298,
1953-09-30,,,2.82,1.79,,,0.11623593007597903,
1953-10-31,,,2.82,1.38,,,0.07551017692720106,
1953-11-30,,,2.82,1.44,,,0.08503723550490361,
1953-12-31,,,2.82,1.6,,,0.07133370264440368,
1954-01-31,,,2.82,1.18,,,0.067002328031882,
1954-02-28,,,2.82,0.97,,,0.06501116214656635,
1954-03-31,,,2.82,1.03,,,0.06164087786725891,
1954-04-30,,,2.82,0.97,,,0.09052395544028272,
1954-05-31,,,2.82,0.76,,,0.07230839258691857,
1954-06-30,,,2.82,0.64,,,0.10795963254999315,
1954-07-31,,,2.82,0.72,,,0.07635652603846543,
1954-08-31,,,2.82,0.92,,,0.11669064494890448,
1954-09-30,,,2.82,1.01,,,0.07124759941423525,
1954-10-31,,,2.82,0.98,,,0.07891788706618913,
1954-11-30,,,2.82,0.93,,,0.11228323199856285,
1954-12-31,,,2.82,1.15,,,0.1443890066000211,
1955-01-31,,,2.82,1.22,,,0.17751371788376524,
1955-02-28,,,2.82,1.17,,,0.10363414465304915,
1955-03-31,,,2.82,1.28,,,0.17350731815443732,
1955-04-30,,,2.82,1.59,,,0.08376893198599462,
1955-05-31,,,2.82,1.45,,,0.09450140469179605,
1955-06-30,,,2.82,1.41,,,0.1492086303084751,
1955-07-31,,,2.82,1.6,,,0.1595623098907641,
1955-08-31,,,2.82,1.9,,,0.10954873233118978,
1955-09-30,,,2.82,2.07,,,0.26952472026771745,
1955-10-31,,,2.82,2.23,,,0.18103313436251003,
1955-11-30,,,2.82,2.24,,,0.14757994755390566,
1955-12-31,,,2.82,2.54,,,0.10515830583613611,
1956-01-31,,,2.82,2.41,,,0.11890692400650102,
1956-02-29,,,2.82,2.32,,,0.11720088528124817,
1956-03-31,,,2.82,2.25,,,0.10216725587073835,
1956-04-30,,,2.82,2.6,,,0.10158169665672356,
1956-05-31,,,2.82,2.61,,,0.1430206673271901,
1956-06-30,,,2.82,2.49,,,0.11530127449539165,
1956-07-31,,,2.82,2.31,,,0.06907744926664189,
1956-08-31,,,2.82,2.6,,,0.1403012111374675,
1956-09-30,,,2.82,2.84,,,0.1533376821653908,
1956-10-31,,,2.82,2.9,,,0.1141789624576211,
1956-11-30,,,2.82,2.99,,,0.1590508541331119,
1956-12-31,,,2.82,3.21,,,0.11877146727826055,
1957-01-31,,,2.82,3.11,,,0.0979202637606705,
1957-02-28,,,3.07,3.1,,,0.11332168444977882,
1957-03-31,,,3.07,3.08,,,0.06672359883963226,
1957-04-30,,,3.07,3.07,,,0.051670453873249526,
1957-05-31,,,3.07,3.06,,,0.07262042615546999,
1957-06-30,,,3.07,3.29,,,0.07681384217425306,
1957-07-31,,,3.07,3.16,,,0.080197113611611,
1957-08-31,,,3.07,3.37,,,0.15896128458006092,
1957-09-30,,,3.07,3.53,,,0.14743455056295296,
1957-10-31,,,3.07,3.58,,,0.2348113842494153,
1957-11-30,,,3.07,3.31,,,0.20504011197890948,
1957-12-31,,,3.0,3.04,,,0.12191192834082147,
1958-01-31,,,3.07,2.44,,,0.0886374775062729,
1958-02-28,,,3.07,1.53,,,0.09399196367790973,
1958-03-31,,,3.07,1.3,,,0.07737117175947103,
1958-04-30,,,3.07,1.13,,,0.09320135644386698,
1958-05-31,,,3.07,0.91,,,0.07291111778334072,
1958-06-30,,,3.07,0.83,,,0.08767744982992516,
1958-07-31,,,3.07,0.91,,,0.08265472696306576,
1958-08-31,,,3.07,1.69,,,0.08290470170981631,
1958-09-30,,,3.07,2.44,,,0.0663450549397699,
1958-10-31,,,3.07,2.63,,,0.10344067844622185,
1958-11-30,,,3.0,2.67,,,0.13425480434860518,
1958-12-31,,,3.0,2.77,,,0.08829347056048481,
1959-01-31,,,3.0,2.82,,,0.08534156480295021,
1959-02-28,,,3.0,2.7,,,0.12166747356015305,
1959-03-31,,,2.97,2.8,,,0.07833564060902384,
1959-04-30,,,2.97,2.95,,,0.07302809198331901,
1959-05-31,,,2.97,2.84,,,0.07796586128838044,
1959-06-30,,,2.97,3.21,,,0.1065289316312165,
1959-07-31,,,2.97,3.2,,,0.06832422600295143,
1959-08-31,,,2.97,3.38,,,0.119546443626337,
1959-09-30,,,2.97,4.04,,,0.14210667644645839,
1959-10-31,,,2.97,4.05,,,0.08722515994418713,
1959-11-30,,,2.97,4.15,,,0.0789391867388717,
1959-12-31,,,2.97,4.49,,,0.054099886622826346,
1960-01-31,,715.4,2.97,4.35,,,0.09256063603454934,
1960-02-29,,728.19,2.97,3.96,,,0.12495723146799062,
1960-03-31,,684.94,2.97,3.31,,,0.10499741129577875,
1960-04-30,,723.11,2.97,3.23,,,0.1077799962715045,
1960-05-31,,684.75,2.97,3.29,,,0.06849962653829067,
1960-06-30,,691.59,2.97,2.46,,,0.07846218743285675,
1960-07-31,,702.39,2.97,2.3,,,0.10750568685941307,
1960-08-31,,675.94,2.97,2.3,,,0.08035232911607289,
1960-09-30,,647.06,2.97,2.48,,,0.1404944529921004,
1960-10-31,,612.66,2.97,2.3,,,0.12469439166344302,
1960-11-30,,642.13,2.97,2.37,,,0.1025424004223756,
1960-12-31,,636.91,2.97,2.25,,,0.06568174810487297,
1961-01-31,,606.71,2.97,2.24,,,0.08119936789009968,
1961-02-28,,616.63,2.97,2.42,,,0.08908571343774926,
1961-03-31,,621.26,2.97,2.39,,,0.0810713771731395,
1961-04-30,,631.84,2.97,2.29,,,0.20749715033290825,
1961-05-31,,668.44,2.97,2.29,,,0.06985109189330709,
1961-06-30,,652.12,2.97,2.33,,,0.11689126316980673,
1961-07-31,,633.39,2.97,2.24,,,0.08493578455612273,
1961-08-31,,636.47,2.97,2.39,,,0.05735484144509507,
1961-09-30,,632.72,2.97,2.28,,,0.12270628301157409,
1961-10-31,,630.3,2.97,2.3,,,0.0855412193663347,
1961-11-30,,632.28,2.97,2.48,,,0.06085353746159217,
1961-12-31,,634.85,2.97,2.6,,,0.0691474299526594,
1962-01-31,,635.37,2.97,2.72,4.1,1.3799999999999994,0.09371959027271458,
1962-02-28,,647.94,2.97,2.73,4.0,1.27,0.06469597076210701,
1962-03-31,,647.5,2.97,2.72,3.86,1.1399999999999997,0.057706770438313425,
1962-04-30,,645.95,2.97,2.73,3.86,1.13,0.09805199357482934,
1962-05-31,,645.73,2.97,2.69,3.9,1.21,0.343783255613312,
1962-06-30,,645.51,2.97,2.73,4.0,1.27,0.2678836714768491,
1962-07-31,,645.51,2.97,2.92,4.04,1.12,0.14333907325819545,
1962-08-31,,645.51,2.97,2.82,3.96,1.1400000000000001,0.09379417157576166,
1962-09-30,,645.51,2.97,2.78,3.94,1.1600000000000001,0.12055138771052096,
1962-10-31,,645.95,2.97,2.74,3.92,1.1799999999999997,0.19875602117618105,
1962-11-30,,645.51,2.97,2.83,3.92,1.0899999999999999,0.1020683103648721,
1962-12-31,,645.73,2.97,2.87,3.85,0.98,0.08824863594569435,
1963-01-31,65.40656090672408,645.51,2.97,2.91,3.87,0.96,0.08051685462227066,
1963-02-28,66.27114194545422,645.51,2.97,2.92,3.94,1.02,0.07203736960744615,
1963-03-31,66.01981024814896,645.51,2.97,2.89,3.95,1.06,0.06163594073812744,
1963-04-30,69.12627002684212,645.73,2.97,2.9,3.95,1.0500000000000003,0.05199189356153895,
1963-05-31,70.51362099596722,645.51,2.97,2.93,3.96,1.0299999999999998,0.06054552812419624,
1963-06-30,70.48346119229059,645.73,2.97,2.99,4.0,1.0099999999999998,0.06101049411620398,
1963-07-31,69.43792133150065,645.51,2.97,3.18,4.0,0.8199999999999998,0.07735681136023678,
1963-08-31,71.35809549891295,645.51,2.97,3.32,4.02,0.6999999999999997,0.05187225199890101,
1963-09-30,73.23805659475637,645.51,2.97,3.38,4.07,0.6900000000000004,0.06643342667090486,
1963-10-31,73.12433930220514,645.51,2.97,3.45,4.15,0.7000000000000002,0.08029775807484771,
1963-11-30,73.00683143323553,645.73,2.97,3.52,4.08,0.56,0.20034899196831724,
1963-12-31,74.56508795652822,650.14,2.97,3.52,4.14,0.6199999999999997,0.05561502345602578,
1964-01-31,76.85723303595229,655.65,2.97,3.52,4.15,0.6300000000000003,0.040794231249859335,
1964-02-29,77.80224021782011,693.79,2.97,3.53,4.18,0.6499999999999999,0.03198311853771945,
1964-03-31,79.21975099062185,745.16,2.97,3.54,4.23,0.6900000000000004,0.03615477438592386,
1964-04-30,80.3658235303339,861.56,2.97,3.47,4.22,0.7499999999999996,0.0553927610491675,
1964-05-31,81.14997842592635,828.28,2.97,3.48,4.19,0.7100000000000004,0.05770828527319231,
1964-06-30,80.66742156710022,808.43,2.97,3.48,4.15,0.6700000000000004,0.06817351259639615,
1964-07-31,83.66329539897907,854.95,2.92,3.46,4.19,0.7300000000000004,0.042396721479396174,
1964-08-31,82.43679671612934,999.33,2.92,3.5,4.21,0.71,0.07218168367128064,
1964-09-30,83.85430748893107,1162.05,2.92,3.53,4.18,0.6499999999999999,0.040796738810671175,
1964-10-31,84.85798620144853,1358.27,2.92,3.57,4.16,0.5900000000000003,0.04782014328349705,
1964-11-30,85.89512087104988,1400.37,2.92,3.64,4.2,0.56,0.05204701384500378,
1964-12-31,84.40723722300267,1269.2,2.92,3.84,4.21,0.3700000000000001,0.05443331791711948,
1965-01-31,86.57874308772024,1000.68,2.92,3.81,4.19,0.38000000000000034,0.03975008266772788,
1965-02-28,87.21209896492952,1179.91,2.92,3.93,4.22,0.2899999999999996,0.0711658288838196,
1965-03-31,87.2925251080672,1237.23,2.92,3.93,4.2,0.27,0.04012762415701917,
1965-04-30,88.43859764777925,1348.34,2.92,3.93,4.21,0.2799999999999998,0.036979115288244366,
1965-05-31,89.75557574165887,1378.55,2.92,3.89,4.23,0.3400000000000003,0.06510260881790164,
1965-06-30,85.49299015536145,1308.88,2.92,3.8,4.2,0.40000000000000036,0.1556532513581245,
1965-07-31,85.36229767276271,1134.06,2.92,3.84,4.22,0.3799999999999999,0.080401854787207,
1965-08-31,86.95071399973203,1209.9,2.92,3.84,4.27,0.4299999999999997,0.032508463995681934,
1965-09-30,89.85610842058098,1327.84,2.92,3.92,4.35,0.4299999999999997,0.05628056945985841,
1965-10-31,91.22566016130676,1401.92,2.92,4.03,4.41,0.3799999999999999,0.04397542947375157,
1965-11-30,92.6408636267234,1469.16,2.92,4.09,4.48,0.39000000000000057,0.04268740020122393,
1965-12-31,92.21862637525057,1517.66,2.92,4.38,4.65,0.27000000000000046,0.06095794479291591,
1966-01-31,93.81709597011206,1679.04,2.92,4.59,4.69,0.10000000000000053,0.04356751396848843,0.18188006983445265
1966-02-28,93.18374009290278,1874.37,2.92,4.65,5.02,0.3699999999999992,0.06493315995992491,-0.00502656261900843
1966-03-31,89.35344502597043,1874.81,2.92,4.59,4.71,0.1200000000000001,0.09168320948722529,0.27013915118585696
1966-04-30,92.0879338926518,1907.44,2.92,4.62,4.79,0.16999999999999993,0.06601606087258345,0.31547469589693433
1966-05-31,87.24225876860615,1663.61,2.92,4.64,4.8,0.16000000000000014,0.1503080198906478,0.2946841457105307
1966-06-30,86.51842348036696,1695.79,2.92,4.5,4.97,0.46999999999999975,0.07852590374141472,0.25403397713000714
1966-07-31,86.29725158673833,1567.93,2.92,4.8,5.05,0.25,0.11257701173079246,0.2409761808806989
1966-08-31,81.07960555068088,1195.34,2.92,4.96,5.36,0.40000000000000036,0.185502402892526,-0.015138570376474994
1966-09-30,78.22447746929298,1128.32,2.97,5.37,5.02,-0.35000000000000053,0.14178435631495387,0.12167722849463883
1966-10-31,79.7967426445666,1275.37,2.97,5.35,4.97,-0.3799999999999999,0.175280815363207,0.10990974204363646
1966-11-30,81.42141665901603,1301.61,2.97,5.32,5.12,-0.20000000000000018,0.09876934619168319,0.12481404803509552
1966-12-31,81.76322776735121,1214.53,2.97,4.96,4.64,-0.3200000000000003,0.08887433484934153,0.09344203777497745
1967-01-31,84.89984734972101,1243.85,2.97,4.72,4.52,-0.20000000000000018,0.07621929225156222,0.05569128237970901
1967-02-28,87.82534830635439,1220.48,3.0,4.56,4.72,0.16000000000000014,0.0753340052143257,0.09537300504319865
1967-03-31,89.89632149214982,1098.34,3.0,4.26,4.5,0.2400000000000002,0.06686292313700866,0.05532493749451395
1967-04-30,91.4445247475503,994.72,3.0,3.84,4.78,0.9400000000000004,0.10070112987085585,0.07928140657522416
1967-05-31,93.08320741398067,1036.17,3.0,3.6,4.81,1.2099999999999995,0.09787182472916962,0.08219899711399008
1967-06-30,91.91702833848424,1015.22,3.0,3.54,5.22,1.6799999999999997,0.10677592339095597,0.03151714809386375
1967-07-31,93.50544466545354,997.37,3.0,4.21,5.16,0.9500000000000002,0.05407100534084823,0.021785194873813103
1967-08-31,94.99332831350074,1044.55,3.07,4.27,5.27,1.0,0.05159301717574007,0.027234917541954784
1967-09-30,96.32035967527258,1060.2,3.07,4.42,5.31,0.8899999999999997,0.0640156783625096,0.033027514894993844
1967-10-31,94.76292719033172,1138.47,3.07,4.56,5.64,1.08,0.08249694127059466,-0.001920595842940484
1967-11-30,93.15358028922616,1443.81,3.07,4.73,5.74,1.0099999999999998,0.11664115867250245,-0.008930755068435539
1967-12-31,95.80764301276984,1324.09,3.07,4.97,5.7,0.7300000000000004,0.058806040137253185,-0.025586158147010134
1968-01-31,95.54625804757237,1408.75,3.07,5.0,5.54,0.54,0.07008880788823059,-0.009909701628053063
1968-02-29,91.23340612181389,1719.82,3.07,4.98,5.56,0.5799999999999992,0.1039328264324487,-0.004450010095640198
1968-03-31,89.56456365170688,1701.08,3.07,5.17,5.76,0.5899999999999999,0.1323722294442416,-0.022387517146133084
1968-04-30,96.17961392478163,1255.09,3.07,5.38,5.74,0.3600000000000003,0.13581568068867161,-0.04194081729485038
1968-05-31,98.39133286106804,1096.58,3.07,5.66,5.86,0.20000000000000018,0.06816419888369607,-0.032288009401505474
1968-06-30,101.0353423167195,1136.7,3.07,5.52,5.64,0.1200000000000001,0.10384847180178038,-0.08355038848923557
1968-07-31,100.83427695887528,1054.25,3.07,5.31,5.39,0.08000000000000007,0.09722344267286467,-0.07143508720554378
1968-08-31,98.6326112904811,1056.45,3.07,5.09,5.42,0.33000000000000007,0.06908857268684254,-0.07178837674990206
1968-09-30,101.83960374809637,1110.03,3.07,5.19,5.49,0.2999999999999998,0.050623955535851264,-0.07353389159351448
1968-10-31,103.86673809357497,1079.82,3.07,5.35,5.61,0.2600000000000007,0.05972589216465918,-0.06775524960498516
1968-11-30,105.96144358390283,1099.88,3.07,5.45,5.78,0.33000000000000007,0.05386663703754177,-0.058395682953072764
1968-12-31,107.06730305204604,1184.98,3.07,5.96,6.16,0.20000000000000018,0.07208280451155895,-0.04093576288320586
1969-01-31,102.54333250055112,1255.53,3.07,6.14,6.19,0.05000000000000071,0.08644842365489293,-0.03697636554802522
1969-02-28,102.0406691059406,1285.29,3.07,6.12,6.26,0.13999999999999968,0.08181847100538814,-0.025750091271824985
1969-03-31,99.8289501696542,1278.46,3.25,6.02,6.3,0.28000000000000025,0.07829268993762634,-0.10679018956010657
1969-04-30,101.83960374809637,1388.03,3.35,6.11,6.2,0.08999999999999986,0.08159197403712459,-0.1244292655240297
1969-05-31,105.15718215252596,1392.44,3.35,6.04,6.56,0.5199999999999996,0.07332465336633369,-0.0895913540211919
1969-06-30,99.66809788337882,1483.04,3.35,6.44,6.73,0.29000000000000004,0.08733594456884626,-0.11068775813331044
1969-07-31,95.2145002071294,1453.95,3.35,7.0,6.66,-0.33999999999999986,0.16468242469476266,-0.07861251903682698
1969-08-31,94.6816770088422,1606.73,3.35,6.98,6.83,-0.15000000000000036,0.1030618698853682,-0.004051127011836477
1969-09-30,95.01343484928518,1578.95,3.35,7.09,7.51,0.41999999999999993,0.10525262366223608,-0.08712652671207118
1969-10-31,95.85395396814216,1554.48,3.35,7.0,6.94,-0.05999999999999961,0.08458069926754,-0.08047108820326894
1969-11-30,96.722490390961,1631.42,3.35,7.24,7.29,0.04999999999999982,0.0767362190742095,-0.08058185142572949
1969-12-31,91.59532376593349,1699.76,3.35,7.82,7.88,0.05999999999999961,0.11648639109322488,-0.1988298984749987
1970-01-31,90.7910623345566,1626.3,3.35,7.87,7.75,-0.1200000000000001,0.10169051711766582,-0.16052844960663376
1970-02-28,87.62428294851016,1657.2,3.35,7.13,6.9,-0.22999999999999954,0.12467188050038788,-0.031260961089174984
1970-03-31,89.12221986444959,1754.0,3.35,6.63,7.08,0.4500000000000002,0.11017408562241887,-0.0009236951744846649
1970-04-30,86.40783753355265,1741.6,3.35,6.51,7.82,1.3100000000000005,0.11902829336066191,-0.07866494869111759
1970-05-31,76.46515558815607,1597.9,3.35,6.84,7.95,1.1100000000000003,0.3172301474790311,-0.07626142798800607
1970-06-30,75.99265199722217,1458.0,3.35,6.68,7.68,1.0,0.1651551402807182,-0.06770621996892776
1970-07-31,76.1233444798209,1366.6,3.31,6.45,7.38,0.9299999999999997,0.153978014207781,-0.06591471294926897
1970-08-31,78.3350634161073,1266.5,3.31,6.41,7.49,1.08,0.14826522837244052,-0.06359684026038083
1970-09-30,83.01988625387757,1246.9,3.31,6.12,7.29,1.17,0.11227547358847977,-0.10190983741274527
1970-10-31,83.86040537273455,1142.4,3.31,5.91,7.33,1.42,0.11417197666652347,-0.09398441553510446
1970-11-30,84.72894179555342,1085.3,3.31,5.28,6.49,1.21,0.10150057405246163,-0.10879819846348202
1970-12-31,90.5296773693591,1045.7,3.56,4.87,6.5,1.63,0.07054301603820276,-0.10189797344494045
1971-01-31,93.98800152427964,1010.0,3.56,4.44,6.09,1.6499999999999995,0.0770843985535673,-0.13549544346286807
1971-02-28,97.62728450126,1020.2,3.56,3.7,6.14,2.4399999999999995,0.07916044724983701,-0.13329563127170632
1971-03-31,100.13054820642051,1144.1,3.56,3.38,5.53,2.1500000000000004,0.07368782720490777,-0.14852329198737263
1971-04-30,103.54865928977222,1251.5,3.56,3.86,6.08,2.22,0.05685964236568489,-0.11076352155885082
1971-05-31,102.14120178486267,1114.4,3.56,4.14,6.38,2.24,0.07684741111043958,-0.12463109655540001
1971-06-30,100.25118742112704,1074.2,3.56,4.75,6.7,1.9500000000000002,0.10031348073592994,-0.12375116738506901
1971-07-31,99.52735213288788,1115.3,3.56,5.4,6.85,1.4499999999999993,0.08544098108005888,-0.12781185591699035
1971-08-31,97.75797698385874,1097.9,3.56,4.94,6.28,1.3399999999999999,0.17342243186447354,-0.10112646398465451
1971-09-30,99.9294828485763,1056.4,3.56,4.69,6.0,1.3099999999999996,0.08110809582922615,-0.11791151062434987
1971-10-31,96.65640251514502,1041.2,3.56,4.46,5.87,1.4100000000000001,0.08517356454289843,-0.11235370797184231
1971-11-30,93.27421950393268,1013.9,3.56,4.22,5.93,1.71,0.15334030371450758,-0.1229897846592874
1971-12-31,99.69825768705545,1037.9,3.56,4.01,5.89,1.88,0.09389794607740178,-0.13314282109156195
1972-01-31,103.85025732653854,1078.0,3.56,3.38,6.09,2.71,0.07705310409108652,-0.11300178380757528
1972-02-29,105.76037822605862,1112.4,3.56,3.2,6.04,2.84,0.05763310443512491,-0.11335692899392698
1972-03-31,108.27369519911134,1108.2,3.56,3.73,6.12,2.39,0.07875740493236208,-0.10771206180913083
1972-04-30,109.37955466725454,1133.0,3.56,3.71,6.14,2.4299999999999997,0.07343224052215244,-0.10444822779236915
1972-05-31,108.27369519911134,1106.4,3.56,3.69,6.05,2.36,0.09067103535628872,-0.1270334720273767
1972-06-30,108.57529323587768,1063.2,3.56,3.91,6.15,2.24,0.06518966818337155,-0.11036020996238743
1972-07-31,107.7710318045008,1034.6,3.56,3.98,6.12,2.14,0.08716223266996469,-0.11838005336205454
1972-08-31,111.59127360354094,1046.7,3.56,4.02,6.42,2.4000000000000004,0.07327122161746827,-0.09245216324476975
1972-09-30,109.9827507407872,1060.6,3.56,4.66,6.54,1.88,0.07938446918225292,-0.1002349252394386
1972-10-31,112.80096190401352,917.5,3.56,4.74,6.41,1.67,0.10272457816999858,-0.10326353794171352
1972-11-30,115.7131134393474,1007.1,3.56,4.78,6.28,1.5,0.07367108688886255,-0.11240772560249829
1972-12-31,118.12589773347804,1024.4,3.56,5.07,6.41,1.3399999999999999,0.08016472508624253,-0.02472146783841543
1973-01-31,119.030691843777,1119.0,3.56,5.41,6.54,1.13,0.0795183370051344,-0.028660908570620654
1973-02-28,114.80831932904844,1243.6,3.56,5.6,6.64,1.04,0.12313566597842007,-0.14209491535015703
1973-03-31,112.99873110845049,1509.5,3.56,6.09,6.73,0.6400000000000006,0.13859810516772517,-0.15290703278013917
1973-04-30,110.88754485108618,1588.4,3.56,6.26,6.7,0.4400000000000004,0.137612340137607,-0.08307295813741704
1973-05-31,107.7710318045008,1552.2,3.56,6.36,6.93,0.5699999999999994,0.19633474709522716,-0.06373041732705513
1973-06-30,105.35824751037018,1748.7,3.56,7.19,6.94,-0.25,0.16509323081260358,-0.0818311927961358
1973-07-31,106.36357429959126,2021.2,3.56,8.01,7.43,-0.5800000000000001,0.15053605405496606,-0.08771458589108616
1973-08-31,104.35292072114908,2123.0,4.31,8.67,7.25,-1.42,0.10676098446225521,-0.07735628338017425
1973-09-30,106.16250894174703,1936.1,4.31,8.29,6.9,-1.3899999999999988,0.10444278755883217,-0.0557434181502432
1973-10-31,104.38258610181462,2065.3,4.31,7.22,6.71,-0.5099999999999998,0.12853212093653948,-0.040718654463867965
1973-11-30,102.54333250055112,2273.0,4.31,7.83,6.69,-1.1399999999999997,0.21589024690494102,-0.030380444416536992
1973-12-31,95.28487308237489,2244.3,4.31,7.45,6.9,-0.5499999999999998,0.26443071064682583,-0.0886333218886337
1974-01-31,96.62195771203892,2032.4,10.11,7.77,7.0,-0.7699999999999996,0.20707571253923815,-0.024562083151716513
1974-02-28,93.94778845271082,2291.7,10.11,7.12,7.01,-0.11000000000000032,0.15963975918637127,-0.027254142495495823
1974-03-31,97.95904234170295,2743.4,10.11,7.96,7.41,-0.5499999999999998,0.14501865680754492,0.11588940270757014
1974-04-30,92.95251493138193,3031.8,10.11,8.33,7.66,-0.6699999999999999,0.14448733610947123,-0.008389408638685095
1974-05-31,90.1476531894551,2875.7,10.11,8.23,7.52,-0.7100000000000009,0.13799990410868299,0.027265219519533132
1974-06-30,90.26829240416164,2440.0,10.11,7.9,7.64,-0.2600000000000007,0.16993705164418932,0.05172739661723764
1974-07-31,79.73246765312462,1919.1,10.11,7.55,7.89,0.33999999999999986,0.24132623084430674,-0.05472052950412853
1974-08-31,76.43499578447944,1802.9,10.11,8.96,8.11,-0.8500000000000014,0.23534474878241674,-0.1218120883387043
1974-09-30,68.48286088174062,1460.5,10.11,8.06,7.94,-0.1200000000000001,0.3245252531844418,0.016175113022033248
1974-10-31,70.27267218189489,1398.8,11.16,7.46,7.79,0.33000000000000007,0.334547566165292,-0.03148650756689275
1974-11-30,72.12214385872096,1416.7,11.16,7.47,7.64,0.16999999999999993,0.2064259994610783,-0.056912832746114694
1974-12-31,67.42726775305847,1289.0,11.16,7.15,7.4,0.25,0.21876379500516568,0.034752258750777545
1975-01-31,72.94651182588225,1211.2,11.16,6.26,7.53,1.2700000000000005,0.19467792696747926,0.03314616193867537
1975-02-28,80.52667581660927,1266.5,11.16,5.5,7.46,1.96,0.17089044224083338,-0.004418343404786136
1975-03-31,84.22627840094289,1344.2,11.16,5.49,8.01,2.5199999999999996,0.17112964231719544,0.0751305372641727
1975-04-30,85.17128558281071,1329.2,11.16,5.61,8.31,2.7,0.16227791961413762,0.0883111189312683
1975-05-31,90.57994370882017,1253.8,11.16,5.23,8.04,2.8099999999999987,0.14698889062907364,0.016202601971567084
1975-06-30,92.89219532402868,1193.0,11.16,5.34,7.96,2.62,0.12604940772748927,0.004126397168429939
1975-07-31,92.98267473505857,1222.4,11.16,6.13,8.2,2.0699999999999994,0.11365098784471572,0.005254885171090283
1975-08-31,86.16655910413958,1277.1,11.16,6.44,8.22,1.7800000000000002,0.17111554643344987,-0.016012408132253176
1975-09-30,85.12101924334965,1210.1,11.16,6.42,8.48,2.0600000000000005,0.1683452905218539,-0.017782810565614704
1975-10-31,87.79090350324827,1178.8,11.16,5.96,7.91,1.9500000000000002,0.1478323508475856,-0.060216127118775664
1975-11-30,90.54978390514351,1179.7,11.16,5.48,8.14,2.66,0.10051443429266456,-0.02874675696911994
1975-12-31,89.17248620391065,1151.0,11.16,5.44,7.76,2.3199999999999994,0.12752767758533182,-0.023980332216905816
1976-01-31,97.37595280395472,1193.0,11.16,4.87,7.8,2.9299999999999997,0.13150125795136547,-0.024712266660502243
1976-02-29,101.1358749956416,1219.0,12.03,4.88,7.77,2.8899999999999997,0.1385153732426269,-0.02576130828329052
1976-03-31,101.63853839025217,1329.0,12.1,5.0,7.66,2.66,0.123262773500454,-0.025964004267997907
1976-04-30,102.44279982162902,1510.0,12.17,4.86,7.67,2.8099999999999996,0.11235248752936203,-0.02860200737873375
1976-05-31,101.73907106917426,1512.0,12.17,5.2,7.96,2.76,0.10898433488133215,-0.01956940462125473
1976-06-30,102.34226714270692,1550.0,12.17,5.41,7.86,2.45,0.10463971526017156,-0.022141532048056856
1976-07-31,104.75505143683752,1647.0,12.17,5.23,7.86,2.63,0.07811015333395398,-0.03443086788241521
1976-08-31,103.85025732653854,1539.0,12.17,5.14,7.66,2.5200000000000005,0.09645775985937644,-0.03868536956642311
1976-09-30,106.06197626282494,1459.0,13.9,5.08,7.55,2.4699999999999998,0.10426989959202279,-0.031448339254201804
1976-10-31,103.93595731512788,1285.0,13.9,4.92,7.42,2.5,0.12536142647199702,-0.03306433774959864
1976-11-30,101.73907106917426,1279.0,13.9,4.75,7.01,2.26,0.1268814841151002,-0.010740634296414399
1976-12-31,105.25771483144808,1287.0,13.9,4.35,6.81,2.46,0.07559930551426469,0.009966727484967188
1977-01-31,104.35292072114908,1396.0,13.9,4.62,7.4,2.7800000000000002,0.08469590501902635,-0.00914689520931151
1977-02-28,101.53800571133004,1426.0,13.9,4.67,7.45,2.7800000000000002,0.0634637548938905,-0.011881396123808018
1977-03-31,101.1358749956416,1515.0,13.9,4.6,7.42,2.8200000000000003,0.08471491800332379,-0.048933969349889736
1977-04-30,99.57761847234892,1429.0,13.9,4.54,7.45,2.91,0.11147931421301098,-0.018967775937738927
1977-05-31,99.2860737034748,1371.0,13.9,4.96,7.38,2.42,0.08755734755497456,-0.029275316278225164
1977-06-30,99.818896901762,1312.0,13.9,5.02,7.2,2.1800000000000006,0.07368087507978485,-0.029049879776434452
1977-07-31,100.73374427995316,1248.0,13.9,5.19,7.42,2.2299999999999995,0.08700803967095982,0.05750659723177327
1977-08-31,98.27069364636152,1160.0,14.85,5.49,7.28,1.79,0.0810499937367967,0.10211522089049403
1977-09-30,96.74259692674543,1195.0,14.85,5.81,7.41,1.6000000000000005,0.07637566881242193,0.049440198715338585
1977-10-31,95.7784720551154,1210.0,14.85,6.16,7.62,1.46,0.08928215952081087,0.042694167326353435
1977-11-30,94.78220968776432,1182.0,14.85,6.1,7.55,1.4500000000000002,0.13052159279437672,0.05473790077512927
1977-12-31,94.3197593647226,1261.0,14.85,6.07,7.78,1.71,0.08882289797824862,-0.011885764795259384
1978-01-31,90.73074272720334,1261.0,14.85,6.44,7.94,1.5,0.09517159457517427,-0.06573289961072683
1978-02-28,89.45397770489255,1217.0,14.85,6.45,8.04,1.589999999999999,0.09593829372876465,-0.04913138746172588
1978-03-31,89.29312541861717,1254.0,14.85,6.29,8.15,1.8600000000000003,0.08652873853783098,-0.15689519813187233
1978-04-30,93.2038466286872,1285.0,14.85,6.29,8.24,1.9500000000000002,0.13455454997933136,-0.15169369395556684
1978-05-31,97.92888253802631,1303.0,14.85,6.41,8.42,2.01,0.11275752268598839,-0.045732720060462966
1978-06-30,98.1802142353316,1333.0,14.85,6.73,8.62,1.8899999999999988,0.11281417683373807,-0.03577596600125634
1978-07-31,97.7077106443977,1337.0,14.85,7.01,8.56,1.5500000000000007,0.09516743345798108,-0.033096734388279696
1978-08-31,104.4534534000712,1426.0,14.85,7.08,8.39,1.3100000000000005,0.07929603334484639,-0.08255910236170244
1978-09-30,104.4534534000712,1442.0,14.85,7.85,8.56,0.7100000000000009,0.1093135957647966,-0.06689305211245755
1978-10-31,99.9097059281326,1506.0,14.85,7.99,8.96,0.9700000000000006,0.14268480792066596,-0.08469339099661044
1978-11-30,95.2145002071294,1481.0,14.85,8.64,8.86,0.21999999999999886,0.19970751534206707,-0.08140507147520674
1978-12-31,96.62195771203892,1533.0,14.85,9.08,9.15,0.07000000000000028,0.1479293227691749,-0.10358533687555793
1979-01-31,100.24113415323482,1659.0,14.85,9.35,8.95,-0.40000000000000036,0.10693579417229677,-0.163508222442616
1979-02-28,98.75325050518762,1944.0,15.85,9.32,9.17,-0.15000000000000036,0.10216460499702143,-0.1679142296040219
1979-03-31,100.63321160103104,2050.0,15.85,9.48,9.11,-0.370000000000001,0.09058045323037016,-0.1737284504179125
1979-04-30,102.64386517947324,2100.0,15.85,9.46,9.35,-0.11000000000000121,0.09154884289674978,-0.14769879324880214
1979-05-31,100.26124068901926,1926.0,18.1,9.61,9.06,-0.5499999999999989,0.10598329726911809,-0.09389076559094758
1979-06-30,102.2417344637848,1877.9,19.1,9.06,8.81,-0.25,0.07952721771641003,-0.11573814293770923
1979-07-31,103.2470612530059,1814.0,21.75,9.24,9.01,-0.23000000000000043,0.09416781101923025,-0.10370450891991784
1979-08-31,107.97209716234502,1976.4,26.5,9.52,9.24,-0.27999999999999936,0.06909161510007007,-0.06809476478814125
1979-09-30,109.17848930941032,2095.9,28.5,10.26,9.44,-0.8200000000000003,0.12500095641232303,-0.045096966557387666
1979-10-31,106.75581655505786,2075.9,29.0,11.7,10.72,-0.9799999999999986,0.16656912483843178,-0.1506944351082923
1979-11-30,104.25238804222698,2090.0,31.0,11.79,10.38,-1.4099999999999984,0.1362023666636602,-0.15407513164639108
1979-12-31,108.37422787803344,2214.0,32.5,12.04,10.33,-1.709999999999999,0.07946347256685209,-0.13889547892480664
1980-01-31,111.49074092461883,2601.0,32.5,12.0,11.13,-0.8699999999999992,0.12372498718924885,-0.04786166891524528
1980-02-29,115.91417879719162,2918.0,37.0,12.86,12.72,-0.1399999999999988,0.15761865979650141,0.10030355392221146
1980-03-31,105.25771483144808,2306.0,38.0,15.2,12.64,-2.5599999999999987,0.22719424697499585,0.13324042838456218
1980-04-30,103.54865928977222,2070.0,39.5,13.2,10.76,-2.4399999999999995,0.18317167268298745,0.15987943601059432
1980-05-31,108.27369519911134,2037.0,39.5,8.58,10.25,1.67,0.13318307766223617,0.10876461307715098
1980-06-30,115.21045004473686,2006.0,39.5,7.07,10.09,3.0199999999999996,0.12972528562789687,0.08153339135258468
1980-07-31,120.43814934868652,2176.0,39.5,8.06,10.76,2.6999999999999993,0.1213182163662398,0.1139585553400146
1980-08-31,124.15785846880456,2082.1,38.0,9.13,11.55,2.42,0.14661541376920062,0.1260872476479971
1980-09-30,127.17383883646782,2060.0,36.0,10.27,11.86,1.5899999999999999,0.18185681882818502,0.1313272426466365
1980-10-31,131.72253053851733,2040.0,36.0,11.62,12.46,0.8400000000000016,0.15697806100352538,0.1505958203870185
1980-11-30,136.42284529730185,2010.0,36.0,13.73,12.72,-1.0099999999999998,0.16818479190986113,0.14860842295266655
1980-12-31,134.21112636101546,1879.0,37.0,15.49,12.43,-3.0600000000000005,0.17362261344252425,0.16551594226404584
1981-01-31,133.7084629664049,1869.1,38.0,15.02,12.68,-2.34,0.13732155560267628,0.16928962325798622
1981-02-28,129.0839597359879,1801.0,38.0,14.79,13.43,-1.3599999999999994,0.14004700265728443,0.121535483046563
1981-03-31,133.90952832424912,1818.0,38.0,13.36,13.13,-0.22999999999999865,0.1587060778188957,0.1025590965847237
1981-04-30,135.11592047131444,1821.0,38.0,13.69,14.11,0.41999999999999993,0.10078200143431436,0.10073822566310581
1981-05-31,132.40153814041747,1742.0,38.0,16.3,13.5,-2.8000000000000007,0.10792981925481471,0.12954084121337328
1981-06-30,133.00473421395014,1700.0,36.0,14.73,13.86,-0.870000000000001,0.11169712164589993,0.12851537470925875
1981-07-31,129.78768848844263,1681.9,36.0,14.95,14.67,-0.27999999999999936,0.11096497810150849,0.0921743331346222
1981-08-31,130.2903518830532,1787.0,36.0,15.51,15.41,-0.09999999999999964,0.14352186185981952,0.12343828117400006
1981-09-30,118.93015916485489,1710.4,36.0,14.7,15.84,1.1400000000000006,0.18178081870667287,0.0839586983804582
1981-10-31,121.20450501587965,1666.3,35.0,13.54,14.63,1.0900000000000016,0.15623125443615682,0.06981889365404623
1981-11-30,123.5546623952719,1651.4,36.0,10.86,13.13,2.2700000000000014,0.15451998970352737,0.02798903817433554
1981-12-31,124.45945650557088,1655.3,35.0,10.85,13.98,3.130000000000001,0.10435448779746886,0.025948341754545034
1982-01-31,117.9248323756338,1610.6,33.85,12.28,14.14,1.8600000000000012,0.17805824758292663,0.03565898220530846
1982-02-28,115.10991736581477,1598.0,31.56,13.48,14.03,0.5499999999999989,0.1880261582472585,0.04518616769366699
1982-03-31,111.39020824569673,1510.4,28.48,12.68,14.18,1.5,0.14890470678304263,0.04742038236788215
1982-04-30,116.91950558641273,1521.7,33.45,12.7,13.87,1.17,0.12136958984394103,0.022763508947498
1982-05-31,117.02003826533485,1527.7,35.93,12.09,13.71,1.620000000000001,0.100155525346789,0.011625507036206595
1982-06-30,110.28434877755352,1300.0,35.07,12.47,14.44,1.9699999999999989,0.13617555058093064,-0.019782605556158725
1982-07-31,109.9827507407872,1440.9,34.16,11.35,13.68,2.33,0.1083455340984464,-0.01485141690260379
1982-08-31,110.28434877755352,1451.5,33.95,8.68,12.81,4.130000000000001,0.26719582196837016,-0.020761579001738223
1982-09-30,123.05199900066135,1426.5,35.63,7.92,11.73,3.8100000000000005,0.16371789440123288,-0.13305352178985308
1982-10-31,130.8144402748111,1461.0,35.68,7.71,10.71,3.000000000000001,0.2650423180712509,-0.15441070516675576
1982-11-30,138.83562959143245,1443.8,34.15,8.07,10.79,2.719999999999999,0.26116138552763024,-0.15835775943169955
1982-12-31,140.1425544174199,1473.2,31.72,7.94,10.36,2.419999999999999,0.17671334418523282,-0.15767830162980134
1983-01-31,145.06865568460324,1571.9,31.19,7.86,10.8,2.9400000000000004,0.2016729930045129,-0.16295204283116288
1983-02-28,147.58197265765597,1647.4,28.95,8.11,10.27,2.16,0.15511011719460982,-0.22657895166676822
1983-03-31,152.7091392826835,1597.7,28.82,8.35,10.62,2.2699999999999996,0.11879355425689217,-0.23598464181299625
1983-04-30,158.54003466016582,1674.9,30.61,8.21,10.27,2.0599999999999987,0.1228774170998499,-0.32699791361428804
1983-05-31,164.9741261111808,1765.7,30.0,8.19,10.81,2.620000000000001,0.11671263880310108,-0.29233976698090514
1983-06-30,167.2863777263893,1701.2,31.0,8.79,10.96,2.1700000000000017,0.12849028339381893,-0.2891614954950265
1983-07-31,167.88957379992195,1704.3,31.66,9.08,11.76,2.6799999999999997,0.17109758900309474,-0.3223730809579275
1983-08-31,163.26507056950496,1639.8,31.91,9.34,11.98,2.6400000000000006,0.13026139967637498,-0.353218625251852
1983-09-30,168.09063915776616,1560.7,31.11,9.0,11.44,2.4399999999999995,0.11497718314877543,-0.36886004354675395
1983-10-31,167.1017931355815,1435.2,30.41,8.64,11.74,3.0999999999999996,0.11799409102445602,-0.3993864182286993
1983-11-30,166.079985579324,1389.1,29.84,8.76,11.63,2.870000000000001,0.10163149259940543,-0.4114294056405758
1983-12-31,165.27572414794713,1415.2,29.24,9.0,11.82,2.8200000000000003,0.08147235808651138,-0.42321401307821177
1984-01-31,167.2863777263893,1375.7,29.69,8.9,11.67,2.7699999999999996,0.09981966525258507,-0.4218641669744721
1984-02-29,158.1379039444774,1429.8,30.145,9.09,12.04,2.9499999999999993,0.1575944794210963,-0.4110854444828545
1984-03-31,158.2384366233995,1501.2,30.761,9.52,12.53,3.01,0.12801209302865926,-0.40524426953731835
1984-04-30,158.4395019812437,1532.6,30.618,9.69,12.82,3.130000000000001,0.11443809648126908,-0.4249717445966482
1984-05-31,157.43417519202262,1420.9,30.52,9.83,13.91,4.08,0.08621426688976892,-0.44721698426913553
1984-06-30,153.9155314297488,1366.5,29.967,9.87,13.84,3.9700000000000006,0.1446267003123056,-0.4430917654607314
1984-07-31,151.90487785130662,1330.8,28.752,10.12,12.91,2.790000000000001,0.10368560594611172,-0.39558336068712735
1984-08-31,165.27572414794713,1337.5,29.25,10.47,12.79,2.3199999999999985,0.15171263685323744,-0.3837202845562283
1984-09-30,166.98477968962297,1293.6,29.311,10.37,12.47,2.1000000000000014,0.10944401431670407,-0.36114847936746913
1984-10-31,167.08366429184144,1273.0,28.765,9.74,11.79,2.049999999999999,0.12097478139181232,-0.3535314522187171
1984-11-30,167.1858450474672,1345.1,28.098,8.61,11.58,2.9700000000000006,0.11298247730363108,-0.36454264506117046
1984-12-31,165.37625682686922,1321.1,25.429,8.06,11.55,3.49,0.12161106646414759,-0.37697975019123414
1985-01-31,179.6300048828125,1359.1,25.641,7.76,11.17,3.41,0.12182659543164016,-0.3814914496756779
1985-02-28,181.17999267578125,1388.5,27.271,8.27,11.91,3.6400000000000006,0.09668502404238934,-0.3810631264533593
1985-03-31,180.66000366210935,1389.9,28.238,8.52,11.65,3.130000000000001,0.10060314911569078,-0.3697324400348963
1985-04-30,179.8300018310547,1501.8,28.805,7.95,11.41,3.46,0.07604598353533848,-0.3570353884841293
1985-05-31,189.5500030517578,1530.6,27.623,7.48,10.28,2.799999999999999,0.08620161128932857,-0.3934414325742393
1985-06-30,191.8500061035156,1432.4,27.143,6.95,10.25,3.3,0.10104656602459787,-0.3404012276541887
1985-07-31,190.9199981689453,1474.6,27.329,7.08,10.57,3.49,0.09436940317095208,-0.37614654719211194
1985-08-31,188.6300048828125,1420.2,27.755,7.14,10.28,3.1399999999999997,0.08515038553861978,-0.3912696401775494
1985-09-30,182.0800018310547,1366.4,28.289,7.1,10.31,3.210000000000001,0.10084037278097464,-0.2772953834744412
1985-10-31,189.82000732421875,1384.7,29.538,7.16,10.01,2.8499999999999996,0.08446398539622134,-0.21604026200230161
1985-11-30,202.1699981689453,1369.5,30.813,7.24,9.59,2.3499999999999996,0.09780334002310481,-0.2644255803908454
1985-12-31,211.27999877929688,1390.9,27.228,7.1,9.0,1.9000000000000004,0.11958581204878564,-0.29426700361274777
1986-01-31,211.77999877929688,1418.3,22.945,7.07,9.08,2.01,0.15267884597249676,-0.3244817157446162
1986-02-28,226.9199981689453,1405.5,15.442,7.06,8.13,1.0700000000000012,0.1103681298356216,-0.388126632654872
1986-03-31,238.8999938964844,1445.1,12.618,6.56,7.39,0.8300000000000001,0.12506962889866866,-0.43837272641170577
1986-04-30,235.52000427246097,1434.6,12.847,6.06,7.38,1.3200000000000003,0.1669046065151363,-0.4314359329025876
1986-05-31,247.3500061035156,1418.74,15.444,6.15,8.05,1.9000000000000004,0.12561731785690888,-0.4050284399079121
1986-06-30,250.83999633789065,1413.14,13.469,6.21,7.35,1.1399999999999997,0.14136652313431033,-0.4011495802629733
1986-07-31,236.1199951171875,1344.3,11.575,5.83,7.34,1.5099999999999998,0.16640502965066611,-0.3973865284649959
1986-08-31,252.92999267578125,1303.1,15.092,5.53,6.95,1.42,0.1139901268765413,-0.3926254744819072
1986-09-30,231.32000732421875,1347.0,14.913,5.21,7.45,2.24,0.22012407926649724,-0.4314465407057706
1986-10-31,243.97999572753903,1316.8,14.852,5.18,7.34,2.16,0.10073434392396602,-0.4190787693452997
1986-11-30,249.22000122070312,1303.2,15.207,5.35,7.15,1.8000000000000007,0.15088477184606425,-0.4203945467700288
1986-12-31,242.1699981689453,1335.6,16.076,5.53,7.23,1.7000000000000002,0.12429681141138006,-0.42129369439629755
1987-01-31,274.0799865722656,1346.0,18.656,5.43,7.18,1.75,0.14781613918965672,-0.3662098189484893
1987-02-28,284.20001220703125,1379.83,17.726,5.59,7.19,1.6000000000000005,0.13191455498612525,-0.33200628011836986
1987-03-31,291.70001220703125,1465.72,18.305,5.59,7.51,1.92,0.15499975909497127,-0.3162912497626384
1987-04-30,288.3599853515625,1484.24,18.643,5.64,8.21,2.570000000000001,0.22976454507437175,-0.3281592347343688
1987-05-31,290.1000061035156,1520.44,19.415,5.66,8.49,2.83,0.1826064800667321,-0.32303105830684575
1987-06-30,304.0,1571.87,20.034,5.67,8.38,2.710000000000001,0.10990274805591806,-0.31865111891531694
1987-07-31,318.6600036621094,1694.62,21.355,5.69,8.66,2.9699999999999998,0.0926659003556123,-0.3540500146428858
1987-08-31,329.79998779296875,1756.31,20.274,6.04,9.0,2.96,0.14708410460632287,-0.35006892497242886
1987-09-30,321.8299865722656,1811.01,19.526,6.4,9.63,3.2300000000000004,0.17780857116096888,-0.3833132506322965
1987-10-31,251.7899932861328,1967.2,19.848,6.13,8.88,2.750000000000001,0.9274704491021414,-0.12219802018066772
1987-11-30,230.3000030517578,2523.9,18.92,5.69,8.99,3.3,0.30643749673373455,-0.13772685691301015
1987-12-31,247.0800018310547,2868.9,17.241,5.77,8.83,3.0600000000000005,0.28811106835079037,-0.14030616956980377
1988-01-31,257.07000732421875,2663.2,17.16,5.81,8.26,2.45,0.33836848768485805,-0.13273678604298225
1988-02-29,267.82000732421875,2330.2,16.765,5.66,8.16,2.5,0.16017021610386342,-0.13573475187994807
1988-03-31,258.8900146484375,2359.3,16.217,5.7,8.57,2.87,0.14163395361784126,-0.15933113521600575
1988-04-30,261.3299865722656,2286.3,17.875,5.91,8.87,2.959999999999999,0.20892856598740878,-0.16208242339353898
1988-05-31,262.1600036621094,2447.99,17.438,6.26,9.2,2.9399999999999995,0.1794182112742608,-0.12806307459297486
1988-06-30,273.5,2540.27,16.53,6.46,8.82,2.3600000000000003,0.1599283600227942,-0.1386029260709338
1988-07-31,272.0199890136719,2213.51,15.498,6.73,9.12,2.389999999999999,0.1585857899550181,-0.13858957665481594
1988-08-31,261.5199890136719,2200.68,15.524,7.06,9.25,2.1900000000000004,0.12885695869080754,-0.1537071996837629
1988-09-30,271.9100036621094,2435.53,14.467,7.24,8.87,1.629999999999999,0.11870079728588513,-0.16039805795980308
1988-10-31,278.9700012207031,2939.51,13.798,7.35,8.65,1.3000000000000007,0.14190783389403364,-0.15532562955000012
1988-11-30,273.70001220703125,3304.66,13.977,7.76,9.06,1.3000000000000007,0.12954442176794695,-0.14732056236888957
1988-12-31,277.7200012207031,3498.91,16.266,8.07,9.14,1.0700000000000003,0.08813663444992406,-0.12789956795406512
1989-01-31,297.4700012207031,3394.06,17.983,8.27,9.01,0.7400000000000002,0.0963541932479762,-0.1342679406317261
1989-02-28,288.8599853515625,3096.92,17.826,8.53,9.32,0.7900000000000009,0.12549000106963135,-0.08685950205134264
1989-03-31,294.8699951171875,3264.14,19.445,8.82,9.3,0.4800000000000004,0.12369217047417376,-0.04788194930340942
1989-04-30,309.6400146484375,3117.91,21.04,8.65,9.02,0.3699999999999992,0.1042964064915532,-0.06667377498304089
1989-05-31,320.5199890136719,2738.98,20.032,8.43,8.6,0.16999999999999993,0.11258223876929137,-0.11907710117581283
1989-06-30,317.9800109863281,2546.01,20.005,8.15,8.1,-0.05000000000000071,0.13293288330166447,-0.10520504562078908
1989-07-31,346.0799865722656,2505.0,19.644,7.88,7.82,-0.05999999999999961,0.09677780551603918,-0.1374547700832811
1989-08-31,351.45001220703125,2762.2,18.522,7.9,8.26,0.35999999999999943,0.12852321991630627,-0.10342778513974395
1989-09-30,349.1499938964844,2884.4,19.594,7.75,8.31,0.5600000000000005,0.08359639836190452,-0.04380125950488065
1989-10-31,340.3599853515625,2861.4,20.091,7.64,7.92,0.28000000000000025,0.26468300261727656,-0.013099965338466383
1989-11-30,345.989990234375,2591.3,19.82,7.69,7.84,0.14999999999999947,0.10234578111460313,-0.010772191760827996
1989-12-31,353.3999938964844,2418.6,21.088,7.63,7.93,0.2999999999999998,0.10882786557611583,-0.006302308861252735
1990-01-31,329.0799865722656,2366.64,22.641,7.64,8.43,0.79,0.16685152151246854,-0.04723891731722687
1990-02-28,331.8900146484375,2360.16,22.108,7.74,8.51,0.7699999999999996,0.13237630774997833,-0.046124530854257786
1990-03-31,339.94000244140625,2625.61,20.418,7.9,8.65,0.75,0.11240710863151326,-0.05241024409148337
1990-04-30,330.79998779296875,2686.15,18.582,7.77,9.04,1.2699999999999996,0.10837876065402278,-0.05473541271471667
1990-05-31,361.2300109863281,2741.95,18.237,7.74,8.6,0.8599999999999994,0.11246812843916375,-0.10895291455423127
1990-06-30,358.0199890136719,2584.56,16.871,7.73,8.43,0.6999999999999993,0.1303057148013317,-0.0985918224283494
1990-07-31,356.1499938964844,2769.49,18.638,7.62,8.36,0.7399999999999993,0.12785818213827152,-0.11752585041425012
1990-08-31,322.55999755859375,2957.03,27.174,7.45,8.86,1.4099999999999993,0.2600589772124147,-0.197422977387869
1990-09-30,306.04998779296875,3031.37,33.687,7.36,8.82,1.46,0.16894082175861744,-0.17993991794835626
1990-10-31,304.0,2743.56,35.922,7.17,8.65,1.4800000000000004,0.21274148114653932,-0.5907628974708179
1990-11-30,322.2200012207031,2585.89,32.3,7.06,8.26,1.2000000000000002,0.16918655609688207,-0.6248963813032093
1990-12-31,330.2200012207031,2485.38,27.337,6.74,8.08,1.3399999999999999,0.1145558197973187,-0.6301303517763748
1991-01-31,343.92999267578125,2448.52,24.959,6.22,8.03,1.8099999999999996,0.1920099003867871,-0.6215298976367999
1991-02-28,367.0700073242187,2449.38,20.523,5.94,8.02,2.079999999999999,0.17206242164918378,-0.6039993037137135
1991-03-31,375.2200012207031,2409.63,19.86,5.91,8.05,2.1400000000000006,0.1307953491545526,-0.5857765812573782
1991-04-30,375.3399963378906,2472.04,20.823,5.65,8.02,2.369999999999999,0.15701964794778783,-0.5938712360033772
1991-05-31,389.8299865722656,2305.88,21.24,5.46,8.06,2.6000000000000005,0.13193831283966537,-0.5917142335906034
1991-06-30,371.1600036621094,2219.28,20.195,5.57,8.24,2.67,0.12061408161239347,-0.5902176585864999
1991-07-31,387.80999755859375,2236.28,21.42,5.58,8.2,2.619999999999999,0.09661808945302128,-0.5864700583693527
1991-08-31,395.4299926757813,2233.19,21.688,5.33,7.82,2.49,0.1591768585359923,-0.574308705995009
1991-09-30,387.8599853515625,2324.57,21.857,5.22,7.47,2.25,0.076058932944645,-0.5279256050490201
1991-10-31,392.4500122070313,2363.64,23.228,4.99,7.47,2.4799999999999995,0.11781918756354995,-0.5249820074177045
1991-11-30,375.2200012207031,2379.84,22.465,4.56,7.38,2.8200000000000003,0.15688766547368926,-0.4965815263835702
1991-12-31,417.0899963378906,2223.14,19.517,4.07,6.71,2.6399999999999997,0.13776896336795927,-0.5686051044408991
1992-01-31,408.7799987792969,2139.23,18.82,3.8,7.31,3.51,0.10366499373989804,-0.5732399929340158
1992-02-29,412.7000122070313,2205.97,18.995,3.84,7.27,3.4299999999999997,0.11055092574787423,-0.5608490630165126
1992-03-31,403.69000244140625,2227.33,18.916,4.04,7.54,3.5,0.07512533142250419,-0.5708558461660415
1992-04-30,414.9500122070313,2215.33,20.243,3.75,7.61,3.8600000000000003,0.14290500325075742,-0.5548748836073449
1992-05-31,415.3500061035156,2216.52,20.94,3.63,7.33,3.7,0.09637953648826862,-0.5389400463724094
1992-06-30,408.1400146484375,2299.2,22.375,3.66,7.14,3.4799999999999995,0.0944665829550887,-0.563250801276724
1992-07-31,424.2099914550781,2520.32,21.759,3.21,6.72,3.51,0.09571704137014547,-0.560591773566855
1992-08-31,414.0299987792969,2521.64,21.35,3.13,6.62,3.49,0.06559787831510519,-0.5860767796050607
1992-09-30,417.7999877929687,2414.06,21.902,2.91,6.37,3.46,0.10457573279914306,-0.5822286429373192
1992-10-31,418.6799926757813,2249.15,21.688,2.86,6.8,3.94,0.1082064523942815,-0.6068353354126377
1992-11-30,431.3500061035156,2158.32,20.342,3.13,6.95,3.8200000000000003,0.07980285923665802,-0.5905037816897164
1992-12-31,435.7099914550781,2206.82,19.407,3.22,6.7,3.48,0.0764110136392749,-0.5937569689431155
1993-01-31,438.7799987792969,2256.85,19.075,3.0,6.39,3.3899999999999997,0.07091129535472689,-0.5418517864194472
1993-02-28,443.3800048828125,2212.6,20.053,2.93,6.03,3.1,0.11993090536723731,-0.5362699756190253
1993-03-31,451.6700134277344,2152.59,20.347,2.95,6.03,3.08,0.10126970021413155,-0.5474014790857556
1993-04-30,440.19000244140625,1949.88,20.27,2.87,6.05,3.1799999999999997,0.11080611049179598,-0.534730011824948
1993-05-31,450.19000244140625,1794.5,19.94,2.96,6.16,3.2,0.10004096899332826,-0.48508950950076785
1993-06-30,450.5299987792969,1853.42,19.07,3.07,5.8,2.73,0.07985644981042389,-0.4782284178573483
1993-07-31,448.1300048828125,1927.16,17.866,3.04,5.83,2.79,0.08752813117139409,-0.4807823008692748
1993-08-31,463.55999755859375,1947.45,18.009,3.02,5.45,2.43,0.05263186179627123,-0.3904813971062594
1993-09-30,458.9299926757813,1861.86,17.514,2.95,5.4,2.45,0.07663442136598168,-0.4003846134303828
1993-10-31,467.8299865722656,1646.4,18.145,3.02,5.43,2.4099999999999997,0.06108649859975564,-0.40339480289251783
1993-11-30,461.7900085449219,1630.02,16.699,3.1,5.83,2.73,0.0846474094162687,-0.39015355830991905
1993-12-31,466.4500122070313,1724.19,14.51,3.06,5.83,2.77,0.05777467916279914,-0.38621785417898424
1994-01-31,481.6099853515625,1805.35,15.0,2.98,5.7,2.72,0.06865888830323107,-0.3956752203163563
1994-02-28,467.1400146484375,1866.4,14.78,3.25,6.15,2.9000000000000004,0.1153114356561718,-0.4668935212078038
1994-03-31,445.7699890136719,1914.87,14.66,3.5,6.77,3.2699999999999996,0.0989117407059668,-0.5282253551403873
1994-04-30,450.9100036621094,1881.82,16.38,3.68,7.06,3.3799999999999994,0.14234657254684405,-0.5133780282450717
1994-05-31,456.5,2150.6,17.88,4.14,7.17,3.0300000000000002,0.09675034585118931,-0.5245089137488196
1994-06-30,444.2699890136719,2364.2,19.07,4.14,7.34,3.2,0.09723870289509368,-0.5252120896920601
1994-07-31,458.260009765625,2458.19,19.65,4.33,7.12,2.79,0.06710200382013694,-0.544826966878194
1994-08-31,475.489990234375,2406.23,18.38,4.48,7.19,2.71,0.07719076898271858,-0.5207114134178347
1994-09-30,462.7099914550781,2505.93,17.46,4.62,7.62,3.0,0.09840842727793717,-0.5833718410438841
1994-10-31,472.3500061035156,2547.67,17.71,4.95,7.81,2.8599999999999994,0.11968117584748278,-0.5693595812843144
1994-11-30,453.69000244140625,2802.45,18.1,5.29,7.91,2.62,0.09787032866778754,-0.6024322461026073
1994-12-31,459.2699890136719,2985.3,17.16,5.6,7.84,2.24,0.09376478684185638,-0.5026904744231245
1995-01-31,470.4200134277344,3008.93,17.99,5.71,7.6,1.8899999999999997,0.05741706963355683,-0.4928657650233791
1995-02-28,487.3900146484375,2877.65,18.53,5.77,7.22,1.4500000000000002,0.07421002489362406,-0.5193510122629369
1995-03-31,500.7099914550781,2924.04,18.55,5.73,7.2,1.4699999999999998,0.07293011202842184,-0.49824674996384827
1995-04-30,514.7100219726562,2903.5,19.87,5.65,7.07,1.42,0.05546652331175514,-0.5169812137370593
1995-05-31,533.4000244140625,2773.31,19.74,5.67,6.3,0.6299999999999999,0.10913803288652137,-0.558270618756806
1995-06-30,544.75,2994.64,18.42,5.47,6.21,0.7400000000000002,0.09224051892340113,-0.5868700075241368
1995-07-31,562.0599975585938,3075.67,17.3,5.42,6.45,1.0300000000000002,0.09545078459017664,-0.5247322409110571
1995-08-31,561.8800048828125,3036.84,18.03,5.4,6.28,0.8799999999999999,0.04820876973709935,-0.5434410136259384
1995-09-30,584.4099731445312,2915.52,18.23,5.28,6.17,0.8899999999999997,0.061838240230782084,-0.5478391582683625
1995-10-31,581.5,2813.55,17.44,5.28,6.03,0.75,0.07662511243748407,-0.5413069813927028
1995-11-30,605.3699951171875,2977.36,17.99,5.36,5.76,0.39999999999999947,0.07679503382653037,-0.5791802423264784
1995-12-31,615.9299926757812,2926.26,19.04,5.14,5.58,0.4400000000000004,0.10196839622924177,-0.5856466986310117
1996-01-31,636.02001953125,2616.41,18.88,5.0,5.6,0.5999999999999996,0.12766986122044774,-0.5867673436201075
1996-02-29,640.4299926757812,2537.71,19.07,4.83,6.13,1.2999999999999998,0.13000033423209384,-0.5770345906171058
1996-03-31,645.5,2561.02,21.36,4.96,6.34,1.38,0.147985105457293,-0.5755469942544287
1996-04-30,654.1699829101562,2595.78,23.57,4.95,6.66,1.71,0.11070825095394703,-0.5804714857691659
1996-05-31,669.1199951171875,2658.26,21.25,5.02,6.85,1.83,0.11776723778857823,-0.5744378302145734
1996-06-30,670.6300048828125,2173.4,20.45,5.09,6.73,1.6400000000000006,0.07182792393926224,-0.5993646628122856
1996-07-31,639.9500122070312,1985.57,21.32,5.15,6.8,1.6499999999999995,0.1648860668779948,-0.5678277832676074
1996-08-31,651.989990234375,2008.57,21.96,5.05,6.96,1.9100000000000001,0.10490031517151942,-0.5445789729054374
1996-09-30,687.3300170898438,1941.45,23.99,5.09,6.72,1.63,0.0910723971594664,-0.5758496835000855
1996-10-31,705.27001953125,1961.17,24.9,4.99,6.37,1.38,0.08212833626900506,-0.5804794058462011
1996-11-30,757.02001953125,2230.86,23.71,5.03,6.06,1.0299999999999994,0.07591474284844704,-0.5862710972567792
1996-12-31,740.739990234375,2268.08,25.39,4.91,6.43,1.5199999999999996,0.1458519700994311,-0.6048301174428425
1997-01-31,786.1599731445312,2434.93,25.17,5.03,6.53,1.5,0.11943643593989572,-0.5640040884552681
1997-02-28,790.8200073242188,2405.85,22.21,5.01,6.56,1.5499999999999998,0.14547594740531444,-0.5331473498114646
1997-03-31,757.1199951171875,2421.29,20.99,5.14,6.92,1.7800000000000002,0.1555719457071373,-0.49814560326105767
1997-04-30,801.3400268554688,2391.18,19.72,5.16,6.72,1.5599999999999996,0.18950934872151148,-0.5136789911365455
1997-05-31,848.280029296875,2514.33,20.83,5.05,6.67,1.62,0.1527031692407471,-0.5043237964186876
1997-06-30,885.1400146484375,2612.62,19.17,4.93,6.51,1.58,0.15406880008249693,-0.49940202179846666
1997-07-31,954.3099975585938,2450.46,19.63,5.05,6.02,0.9699999999999998,0.1478828082108861,-0.5421176277658336
1997-08-31,899.469970703125,2251.2,19.93,5.14,6.34,1.2000000000000002,0.17042605429460322,-0.5785432025817915
1997-09-30,947.280029296875,2107.3,19.79,4.95,6.12,1.17,0.17720658385647223,-0.5573771974094764
1997-10-31,914.6199951171876,2052.26,21.26,4.97,5.84,0.8700000000000001,0.3398499348888374,-0.49805336645084214
1997-11-30,955.4000244140624,1917.45,20.17,5.14,5.86,0.7200000000000006,0.1949176027192295,-0.4831460042122336
1997-12-31,970.4299926757812,1762.33,18.32,5.16,5.75,0.5899999999999999,0.15216199360634985,-0.482623433694935
1998-01-31,980.280029296875,1688.45,16.71,5.04,5.53,0.4900000000000002,0.1761881166900202,-0.47484606708231875
1998-02-28,1049.3399658203125,1664.8,16.06,5.09,5.62,0.5300000000000002,0.10679784501894604,-0.432123980869729
1998-03-31,1101.75,1747.98,15.02,5.03,5.67,0.6399999999999997,0.11278888794944184,-0.41955409980660424
1998-04-30,1111.75,1800.9,15.44,4.95,5.68,0.7299999999999995,0.14242809164094036,-0.41982574429881653
1998-05-31,1090.8199462890625,1732.53,14.86,5.0,5.56,0.5599999999999996,0.12314418177331693,-0.4154373399318829
1998-06-30,1133.8399658203125,1660.52,13.66,4.98,5.44,0.45999999999999996,0.15965775348734448,-0.4195855566927497
1998-07-31,1120.6700439453125,1651.04,14.08,4.96,5.5,0.54,0.16008569540884893,-0.4422468555718852
1998-08-31,957.280029296875,1620.93,13.36,4.9,5.05,0.14999999999999947,0.32183526874961943,-0.15600118835900834
1998-09-30,1017.010009765625,1647.64,14.95,4.61,4.44,-0.16999999999999993,0.35083699030953447,-0.20403454666254625
1998-10-31,1098.6700439453125,1586.39,14.39,3.96,4.64,0.6799999999999997,0.21560097635139275,-0.16611046969673335
1998-11-30,1163.6300048828125,1573.95,12.85,4.41,4.74,0.33000000000000007,0.1523457282477278,-0.14111905656128584
1998-12-31,1229.22998046875,1473.57,11.28,4.39,4.65,0.2600000000000007,0.19712006550976255,-0.14683256106994183
1999-01-31,1279.6400146484375,1431.18,12.47,4.34,4.66,0.3200000000000003,0.205630295112625,-0.14616785899749202
1999-02-28,1238.3299560546875,1410.78,12.01,4.44,5.29,0.8499999999999996,0.22247094808028936,-0.20154941217140893
1999-03-31,1286.3699951171875,1378.35,14.66,4.44,5.25,0.8099999999999996,0.1949697327769136,-0.1976144357442009
1999-04-30,1335.1800537109375,1466.0,17.34,4.29,5.36,1.0700000000000003,0.18291835790465505,-0.18992216527905942
1999-05-31,1301.8399658203125,1511.16,17.75,4.5,5.64,1.1399999999999997,0.19689636506781039,-0.21957248875296526
1999-06-30,1372.7099609375,1422.48,17.89,4.57,5.81,1.2399999999999993,0.16663538279358775,-0.20544256670475874
1999-07-31,1328.719970703125,1640.0,20.07,4.55,5.92,1.37,0.14034121402244507,-0.2090362624001645
1999-08-31,1320.4100341796875,1647.62,21.26,4.72,5.98,1.2600000000000007,0.18542188875839063,-0.2136292876631103
1999-09-30,1282.7099609375,1750.34,23.88,4.68,5.9,1.2200000000000006,0.18337053211765103,-0.19108584547200982
1999-10-31,1362.9300537109375,1724.12,22.64,4.86,6.02,1.1599999999999993,0.2430006341252783,-0.17392938134414485
1999-11-30,1388.9100341796875,1727.55,24.97,5.07,6.18,1.1099999999999994,0.12974669233260677,-0.139796495416748
1999-12-31,1469.25,1764.75,26.08,5.2,6.45,1.25,0.11153668281558973,-0.08044009907517678
2000-01-31,1394.4599609375,1843.98,27.18,5.32,6.68,1.3599999999999994,0.2538586406800079,-0.12550436960494582
2000-02-29,1366.4200439453125,1800.83,29.35,5.55,6.42,0.8700000000000001,0.21398499750285896,-0.09967360329324272
2000-03-31,1498.5799560546875,1739.39,29.89,5.69,6.03,0.33999999999999986,0.28059248330684355,-0.11318905322223025
2000-04-30,1452.4300537109375,1678.75,25.74,5.66,6.23,0.5700000000000003,0.31996647283328006,-0.12088588029089908
2000-05-31,1420.5999755859375,1785.62,28.78,5.79,6.29,0.5,0.2515644844470048,-0.12367576085392092
2000-06-30,1454.5999755859375,1753.18,31.83,5.69,6.03,0.33999999999999986,0.157319751717847,-0.11848732955371176
2000-07-31,1430.8299560546875,1799.36,29.77,5.96,6.04,0.08000000000000007,0.1640065311386271,-0.05347502080685513
2000-08-31,1517.6800537109375,1855.86,31.22,6.09,5.73,-0.35999999999999943,0.10498076562098942,-0.031253600682271426
2000-09-30,1436.510009765625,1960.41,33.88,6.0,5.8,-0.20000000000000018,0.1423468565171398,-0.0250341089631786
2000-10-31,1429.4000244140625,1898.59,33.08,6.11,5.77,-0.34000000000000075,0.26487091223709763,-0.057825258076753455
2000-11-30,1314.949951171875,1795.11,34.4,6.17,5.48,-0.6899999999999995,0.19291625903317575,0.005634909652047022
2000-12-31,1320.280029296875,1850.55,28.46,5.77,5.12,-0.6499999999999995,0.2678597721767894,0.011521359809020412
2001-01-31,1366.010009765625,1787.5,29.58,5.15,5.19,0.040000000000000036,0.24779583035794175,0.01628734627046943
2001-02-28,1239.93994140625,1765.65,29.61,4.88,4.92,0.040000000000000036,0.16599341931015762,0.05813009359450378
2001-03-31,1160.3299560546875,1738.77,27.24,4.42,4.93,0.5099999999999998,0.29581076877923984,0.04593429049495306
2001-04-30,1249.4599609375,1664.16,27.41,3.87,5.35,1.4799999999999995,0.3005597595122722,0.10745825549577773
2001-05-31,1255.8199462890625,1682.21,28.64,3.62,5.43,1.8099999999999996,0.17204095803310035,0.10231372437632028
2001-06-30,1224.3800048828125,1608.45,27.6,3.49,5.42,1.9299999999999997,0.13654099963741298,0.11176606908587862
2001-07-31,1211.22998046875,1525.21,26.45,3.51,5.07,1.5600000000000005,0.19103278501616497,0.1210163520444561
2001-08-31,1133.5799560546875,1464.43,27.47,3.36,4.85,1.4899999999999998,0.15621290332927432,0.018948805908021327
2001-09-30,1040.93994140625,1426.33,25.88,2.64,4.6,1.9599999999999995,0.3114341253339593,0.15718726430157953
2001-10-31,1059.780029296875,1377.28,22.21,2.16,4.3,2.1399999999999997,0.1972766469138534,0.10869704504774831
2001-11-30,1139.449951171875,1427.73,19.67,1.87,4.78,2.91,0.1560070389766918,0.17091723707064452
2001-12-31,1148.0799560546875,1471.74,19.33,1.69,5.07,3.3800000000000003,0.150410489246814,0.18883589736821196
2002-01-31,1130.199951171875,1503.96,19.67,1.65,5.07,3.4200000000000004,0.16549640000460494,0.19120326233075652
2002-02-28,1106.72998046875,1561.9,20.74,1.72,4.88,3.16,0.19202752790419586,0.2668694128956094
2002-03-31,1147.3900146484375,1604.88,24.42,1.79,5.42,3.63,0.15743455676266732,0.30203223362444176
2002-04-30,1076.9200439453125,1590.33,26.27,1.71,5.11,3.4000000000000004,0.16417782928266234,0.32420337491171836
2002-05-31,1067.1400146484375,1595.68,27.02,1.73,5.08,3.35,0.22480861232653093,0.3454200332012662
2002-06-30,989.8200073242188,1647.53,25.52,1.7,4.86,3.16,0.2091924814674125,0.34748994968496416
2002-07-31,911.6199951171876,1589.46,26.94,1.68,4.51,2.83,0.43122040064836514,0.39029201833993593
2002-08-31,916.0700073242188,1479.55,28.38,1.62,4.14,2.5199999999999996,0.32649351636578655,0.3714078689975013
2002-09-30,815.280029296875,1478.71,29.67,1.63,3.63,2.0,0.2914901049387083,0.42793432954161087
2002-10-31,885.760009765625,1483.76,28.85,1.58,3.93,2.35,0.3401777769080191,0.4534886576328923
2002-11-30,936.3099975585938,1582.29,26.27,1.23,4.22,2.9899999999999998,0.23411346054881743,0.47112569133323184
2002-12-31,879.8200073242188,1595.68,29.42,1.19,3.83,2.64,0.17616838583864944,0.4637850078344567
2003-01-31,855.7000122070312,1647.66,32.94,1.17,4.0,2.83,0.2544103658542899,0.48482481574128994
2003-02-28,841.1500244140625,1683.8,35.87,1.17,3.71,2.54,0.20165733407670777,0.4830342427250431
2003-03-31,848.1799926757812,1658.976,33.55,1.13,3.83,2.7,0.2779161507344161,0.6007044218958513
2003-04-30,916.9199829101562,1587.475,28.25,1.13,3.89,2.7600000000000002,0.18662692667711162,0.6124527998496752
2003-05-31,963.5900268554688,1648.275,28.14,1.07,3.37,2.3,0.16288320231693412,0.532850796606408
2003-06-30,974.5,1686.5,30.72,0.92,3.54,2.62,0.1583621752215764,0.5533261612034434
2003-07-31,990.3099975585938,1710.0,30.76,0.9,4.49,3.5900000000000003,0.1578838621146542,0.5147115400042692
2003-08-31,1008.010009765625,1760.275,31.59,0.95,4.45,3.5,0.10942364565304065,0.5620312146869553
2003-09-30,995.969970703125,1789.523,28.29,0.94,3.96,3.02,0.15322162310047252,0.5640281869778705
2003-10-31,1050.7099609375,1920.543,30.33,0.92,4.33,3.41,0.10422222076816563,0.5818188277703479
2003-11-30,1058.199951171875,2055.425,31.09,0.93,4.34,3.4099999999999997,0.10815688640528703,0.573024634688109
2003-12-31,1111.9200439453125,2201.286,32.15,0.9,4.27,3.3699999999999997,0.09361761936574635,0.572706526787319
2004-01-31,1131.1300048828125,2423.571,34.27,0.88,4.16,3.2800000000000002,0.11024421248924929,0.5670682228296079
2004-02-29,1144.93994140625,2759.525,34.74,0.93,3.99,3.06,0.08924471972158068,0.5538183417630107
2004-03-31,1126.2099609375,3008.717,36.76,0.94,3.86,2.92,0.15208551692024636,0.5725736166853209
2004-04-30,1107.300048828125,2948.725,36.69,0.94,4.53,3.5900000000000003,0.12389532582010289,0.4928225897147094
2004-05-31,1120.6800537109375,2733.5,40.28,1.02,4.66,3.64,0.1128404481422058,0.4940834012443631
2004-06-30,1140.8399658203125,2686.705,38.02,1.27,4.62,3.35,0.09753299247548763,0.4944991570603912
2004-07-31,1101.719970703125,2808.432,40.69,1.33,4.5,3.17,0.09525952376972693,0.4976414017275693
2004-08-31,1104.239990234375,2846.095,44.94,1.48,4.13,2.65,0.13390108945294707,0.48091897807889766
2004-09-30,1114.5799560546875,2894.864,45.95,1.65,4.14,2.4899999999999998,0.09399740588947682,0.471455418469247
2004-10-31,1130.199951171875,3012.238,53.13,1.76,4.05,2.29,0.12401978387638318,0.4830575147374445
2004-11-30,1173.8199462890625,3122.795,48.46,2.07,4.36,2.2900000000000005,0.09959239307575715,0.45854475982565585
2004-12-31,1211.9200439453125,3145.452,43.33,2.19,4.24,2.0500000000000003,0.07859345032620732,0.45083146199368485
2005-01-31,1181.27001953125,3170.0,46.84,2.33,4.14,1.8099999999999996,0.09974759154387881,0.45403763230732963
2005-02-28,1203.5999755859375,3253.7,47.97,2.54,4.36,1.8200000000000003,0.10553251413522088,0.4531235519664681
2005-03-31,1180.5899658203125,3379.49,54.31,2.74,4.5,1.7599999999999998,0.10035094595081148,0.4266968814598119
2005-04-30,1156.8499755859375,3394.476,53.04,2.78,4.21,1.4300000000000002,0.15084840668784957,0.41340211412746464
2005-05-31,1191.5,3249.1,49.83,2.84,4.0,1.1600000000000001,0.10144322789837557,0.39933529282597435
2005-06-30,1191.3299560546875,3524.068,56.26,2.97,3.94,0.9699999999999998,0.07586724531362671,0.3891330652268652
2005-07-31,1234.1800537109375,3614.214,58.7,3.22,4.28,1.06,0.09129486105647111,0.3689020717160247
2005-08-31,1220.3299560546875,3797.75,64.97,3.44,4.02,0.5799999999999996,0.0889606664549523,0.3798024709961674
2005-09-30,1228.81005859375,3857.841,65.57,3.42,4.34,0.9199999999999999,0.09101206090135516,0.27743809808755615
2005-10-31,1207.010009765625,4059.762,62.37,3.71,4.57,0.8600000000000003,0.15077586963345097,0.21452544722558842
2005-11-30,1249.47998046875,4269.341,58.3,3.88,4.49,0.6100000000000003,0.07793587352421419,0.17092562406027628
2005-12-31,1248.2900390625,4576.775,59.43,3.89,4.39,0.49999999999999956,0.07386095041290329,0.09309568770407127
2006-01-31,1280.0799560546875,4734.333,65.51,4.24,4.53,0.29000000000000004,0.1110492126884648,0.1249259888438275
2006-02-28,1280.6600341796875,4982.4,61.63,4.43,4.55,0.1200000000000001,0.0915681621908397,0.0942376212206061
2006-03-31,1294.8699951171875,5102.848,62.9,4.51,4.86,0.35000000000000053,0.07709707258579597,0.09340857101161396
2006-04-30,1310.6099853515625,6387.778,69.69,4.6,5.07,0.47000000000000064,0.08770397552803588,0.09705561731945053
2006-05-31,1270.0899658203125,8045.857,70.94,4.72,5.12,0.40000000000000036,0.12799779744013481,0.20873918669826272
2006-06-30,1270.199951171875,7197.614,70.96,4.79,5.15,0.3600000000000003,0.15647355945098285,0.2076095622770835
2006-07-31,1276.6600341796875,7712.095,74.41,4.95,4.99,0.040000000000000036,0.13532694791099717,0.20630415045984402
2006-08-31,1303.8199462890625,7695.659,73.05,4.96,4.74,-0.21999999999999975,0.07080109863603576,0.18573798110824746
2006-09-30,1335.8499755859375,7602.357,63.87,4.81,4.64,-0.16999999999999993,0.07887224982515124,0.13026990531141233
2006-10-31,1377.93994140625,7500.386,58.88,4.92,4.61,-0.3099999999999996,0.06933836683391591,0.030712886291922113
2006-11-30,1400.6300048828125,7029.182,59.37,4.94,4.46,-0.4800000000000004,0.08530693079049041,0.022144132506414265
2006-12-31,1418.300048828125,6675.105,62.03,4.85,4.71,-0.13999999999999968,0.06635849668053852,0.053254886932620336
2007-01-31,1438.239990234375,5669.659,54.57,4.98,4.83,-0.15000000000000036,0.07665895004388146,0.06682141687397501
2007-02-28,1406.8199462890625,5676.45,59.26,5.03,4.56,-0.47000000000000064,0.1397409646786518,0.12199713965906231
2007-03-31,1420.8599853515625,6452.477,60.56,4.94,4.65,-0.29000000000000004,0.14075522048834524,0.10475350424479699
2007-04-30,1482.3699951171875,7766.474,63.97,4.87,4.63,-0.2400000000000002,0.07936222293210352,0.2254573430745338
2007-05-31,1530.6199951171875,7681.42,63.46,4.73,4.9,0.16999999999999993,0.09032170542392018,0.2579507457307371
2007-06-30,1503.3499755859375,7474.38,67.48,4.61,5.03,0.41999999999999993,0.13555217264843347,0.23352203818201434
2007-07-31,1455.27001953125,7972.57,74.18,4.82,4.78,-0.040000000000000036,0.1731578169426289,0.26356843694529125
2007-08-31,1473.989990234375,7513.5,72.39,4.2,4.54,0.33999999999999986,0.2525451391944501,0.24809818558623925
2007-09-30,1526.75,7648.975,79.93,3.89,4.59,0.6999999999999997,0.1556669510805247,0.24932403861900937
2007-10-31,1549.3800048828125,8008.435,86.2,3.9,4.48,0.5800000000000005,0.1377466948187294,0.24749723475796387
2007-11-30,1481.1400146484375,6966.705,94.62,3.27,3.97,0.7000000000000002,0.2644894355657773,0.3249437132904703
2007-12-31,1468.3599853515625,6587.667,91.73,3.0,4.04,1.04,0.17417883392691624,0.34093183284642553
2008-01-31,1378.550048828125,7061.023,92.95,2.75,3.67,0.9199999999999999,0.2422167182937128,0.41406974463846824
2008-02-29,1330.6300048828125,7887.69,95.35,2.12,3.53,1.4099999999999997,0.20979666620647333,0.41349811066115244
2008-03-31,1322.699951171875,8439.289,105.56,1.26,3.45,2.1900000000000004,0.29759647419391627,0.44355003936783793
2008-04-30,1385.5899658203125,8684.932,112.57,1.29,3.77,2.48,0.14235559689858207,0.46746626736144237
2008-05-31,1400.3800048828125,8382.75,125.39,1.73,4.06,2.3299999999999996,0.1435050659046593,0.5018814396281825
2008-06-30,1280.0,8260.595,133.93,1.86,3.99,2.13,0.19620291198330586,0.45872532009678924
2008-07-31,1267.3800048828125,8414.043,133.44,1.63,3.99,2.3600000000000003,0.23665304809248305,0.42896146770721416
2008-08-31,1282.8299560546875,7634.7,116.61,1.72,3.83,2.1100000000000003,0.2081539611455604,0.41194591723818447
2008-09-30,1166.3599853515625,6990.864,103.9,1.13,3.85,2.72,0.5438703744875286,0.35695175721462286
2008-10-31,968.75,4925.696,76.65,0.67,4.01,3.34,0.8388497059352431,0.1888849910534767
2008-11-30,896.239990234375,3717.0,57.44,0.19,2.93,2.74,0.684102874436357,0.31756311321604336
2008-12-31,903.25,3071.976,41.02,0.03,2.25,2.22,0.38178361461951094,0.27250172621851565
2009-01-31,825.8800048828125,3220.69,41.74,0.13,2.87,2.74,0.3879114749020732,0.12748833058950468
2009-02-28,735.0900268554688,3314.725,39.16,0.3,3.02,2.72,0.35927571676667447,0.08148570221516063
2009-03-31,797.8699951171875,3749.75,47.98,0.21,2.71,2.5,0.46656137100115036,0.01509260815813556
2009-04-30,872.8099975585938,4406.55,49.79,0.16,3.16,3.0,0.2998211783887975,0.0935073254465468
2009-05-31,919.1400146484376,4568.632,59.16,0.18,3.47,3.29,0.280478245746901,0.13046941873459844
2009-06-30,919.3200073242188,5013.955,69.68,0.18,3.53,3.3499999999999996,0.18711811174263868,0.13075620446055394
2009-07-31,987.47998046875,5215.543,64.09,0.18,3.52,3.34,0.21075050075958285,0.13358687622417825
2009-08-31,1020.6199951171876,6165.3,71.06,0.17,3.4,3.23,0.16352900004775336,0.13776617595169505
2009-09-30,1057.0799560546875,6196.432,69.46,0.12,3.31,3.19,0.15270600855326877,0.13684147925502133
2009-10-31,1036.18994140625,6287.977,75.82,0.07,3.41,3.3400000000000003,0.20178580650659547,0.13382844989626147
2009-11-30,1095.6300048828125,6675.595,78.08,0.05,3.21,3.16,0.1861347823679978,0.11913826486269945
2009-12-31,1115.0999755859375,6981.714,74.3,0.05,3.85,3.8000000000000003,0.09951112688328141,0.12865093593068885
2010-01-31,1073.8699951171875,7386.25,78.22,0.06,3.63,3.57,0.15833363514741886,0.13261312442156223
2010-02-28,1104.489990234375,6848.175,76.42,0.11,3.61,3.5,0.18123109482449234,0.12781138135612233
2010-03-31,1169.4300537109375,7462.826,81.24,0.15,3.84,3.69,0.07348099620880726,0.14597486890838754
2010-04-30,1186.68994140625,7745.075,84.48,0.16,3.69,3.53,0.14985747098867852,0.14306711162618085
2010-05-31,1089.4100341796875,6837.684,73.84,0.16,3.31,3.15,0.3160028351787414,0.16078615275754685
2010-06-30,1030.7099609375,6499.295,75.35,0.12,2.97,2.85,0.2568871574690161,0.179671112772953
2010-07-31,1101.5999755859375,6735.25,76.37,0.16,2.94,2.78,0.19850774834680476,0.17272795705522065
2010-08-31,1049.3299560546875,7283.952,76.82,0.16,2.47,2.31,0.15839079257906488,0.1969870033224084
2010-09-30,1141.199951171875,7709.295,75.31,0.15,2.53,2.38,0.1584458885666872,0.20046639005984845
2010-10-31,1183.260009765625,8292.405,81.9,0.13,2.63,2.5,0.11313418967261302,0.20913442036559005
2010-11-30,1180.550048828125,8469.886,84.14,0.14,2.81,2.67,0.14797631996193933,0.190748815342834
2010-12-31,1257.6400146484375,9147.262,89.04,0.14,3.3,3.1599999999999997,0.05946435109577089,0.22806705522542925
2011-01-31,1286.1199951171875,9555.7,89.42,0.15,3.42,3.27,0.10280942790819286,0.2095202120871435
2011-02-28,1327.219970703125,9867.6,89.58,0.13,3.42,3.29,0.1337765161633084,0.20403917377835554
2011-03-31,1325.8299560546875,9503.36,102.94,0.1,3.47,3.37,0.16216401309105977,0.2031296110969253
2011-04-30,1363.6099853515625,9492.79,110.04,0.06,3.32,3.26,0.08739798759490135,0.1810807544023419
2011-05-31,1345.199951171875,8959.9,101.33,0.04,3.05,3.01,0.10801685053490148,0.1827693444733764
2011-06-30,1320.6400146484375,9066.85,96.29,0.04,3.18,3.14,0.14951384800873715,0.1775060434627011
2011-07-31,1292.280029296875,9650.46,97.19,0.04,2.82,2.78,0.1558500785617149,0.18619561254981445
2011-08-31,1218.8900146484375,9000.76,86.33,0.02,2.23,2.21,0.48325714936621333,0.2212357691727889
2011-09-30,1131.4200439453125,8300.14,85.61,0.01,1.92,1.91,0.29002854976680215,0.2552383075098265
2011-10-31,1253.300048828125,7394.19,86.41,0.02,2.17,2.15,0.2941276475894512,0.3714811721851152
2011-11-30,1246.9599609375,7581.02,97.21,0.01,2.08,2.0700000000000003,0.3110625676017747,0.29435878143462035
2011-12-31,1257.5999755859375,7565.48,98.57,0.01,1.89,1.88,0.18646484718570164,0.3111896421078807
2012-01-31,1312.4100341796875,8040.47,100.24,0.03,1.83,1.8,0.08662055648140432,0.47278955351644986
2012-02-29,1365.6800537109375,8441.49,102.25,0.09,1.98,1.89,0.0831769811741151,0.5744025476932371
2012-03-31,1408.469970703125,8470.78,106.19,0.08,2.23,2.15,0.11702753794323494,0.6440604665992147
2012-04-30,1397.9100341796875,8289.48,103.33,0.08,1.95,1.8699999999999999,0.14378457297351227,0.6152973937409423
2012-05-31,1310.3299560546875,7955.64285714286,94.7,0.09,1.59,1.5,0.12466080295217026,0.6241869474146513
2012-06-30,1362.1600341796875,7423.02380952381,82.41,0.09,1.67,1.5799999999999998,0.20572874617488776,0.632491331465652
2012-07-31,1379.3199462890625,7584.26136363636,87.93,0.1,1.51,1.41,0.13949826086581416,0.6414124577031324
2012-08-31,1406.5799560546875,7515.53260869565,94.16,0.1,1.57,1.47,0.08836749660138585,0.6487269928028456
2012-09-30,1440.6700439453125,8087.74,94.72,0.11,1.65,1.5399999999999998,0.11819937429056636,0.6559281541032695
2012-10-31,1412.1600341796875,8062.03,89.57,0.1,1.72,1.6199999999999999,0.10692541636725815,0.6591115237936234
2012-11-30,1416.1800537109375,7711.22727272727,86.66,0.09,1.62,1.53,0.15480552554469942,0.6923178440363464
2012-12-31,1426.18994140625,7966.48684210526,88.25,0.07,1.78,1.71,0.11408069759890455,0.7464232234785869
2013-01-31,1498.1099853515625,8047.36,94.69,0.07,2.02,1.95,0.09973424874335521,0.7496632782009884
2013-02-28,1514.6800537109375,8060.925,95.32,0.1,1.89,1.7899999999999998,0.1261625789893384,0.7488211207182845
2013-03-31,1569.18994140625,7645.58333333333,93.05,0.09,1.87,1.78,0.07342026053968959,0.7372533420332537
2013-04-30,1597.5699462890625,7234.27954545454,92.07,0.06,1.7,1.64,0.14361860011186744,0.7348143300827573
2013-05-31,1630.739990234375,7249.41304347826,94.8,0.04,2.16,2.12,0.10559903931489757,0.6850234934779778
2013-06-30,1606.280029296875,7000.2375,95.8,0.05,2.52,2.47,0.17441251473182476,0.6070890916880852
2013-07-31,1685.72998046875,6906.64130434783,104.61,0.04,2.6,2.56,0.06958672369970656,0.6293544024601199
2013-08-31,1632.969970703125,7192.92045454545,106.57,0.04,2.78,2.7399999999999998,0.09401851147298006,0.5544951800689989
2013-09-30,1681.550048828125,7159.26904761905,106.29,0.02,2.64,2.62,0.08687428033854577,0.5615379600006126
2013-10-31,1756.5400390625,7203.02173913043,100.54,0.05,2.57,2.52,0.12841232087051074,0.5432819901225606
2013-11-30,1805.81005859375,7070.65476190476,93.86,0.07,2.75,2.68,0.08919283066928549,0.5613627326022353
2013-12-31,1848.3599853515625,7214.9,97.63,0.07,3.04,2.97,0.09517159153349265,0.5212117518759726
2014-01-31,1782.5899658203125,7291.47,94.62,0.04,2.67,2.63,0.1251631918481829,0.545304831415697
2014-02-28,1859.449951171875,7149.21,100.82,0.05,2.66,2.6100000000000003,0.12868233294010867,0.5413157633758519
2014-03-31,1872.3399658203125,6650.04,100.8,0.05,2.73,2.68,0.10448669001434907,0.5432371012273256
2014-04-30,1883.949951171875,6673.56,102.07,0.03,2.67,2.64,0.13092628186609565,0.5561915687459531
2014-05-31,1923.5699462890625,6891.13,102.18,0.03,2.48,2.45,0.08202881931964728,0.5368060966442543
2014-06-30,1960.22998046875,6821.14,105.79,0.04,2.53,2.4899999999999998,0.05775940125046832,0.5611398305375872
2014-07-31,1930.6700439453125,7113.38,103.59,0.03,2.58,2.5500000000000003,0.1054626658760258,0.534233592229196
2014-08-31,2003.3699951171875,7001.84,96.54,0.03,2.35,2.3200000000000003,0.07778325375291749,0.4210323651188532
2014-09-30,1972.2900390625,6872.22,93.21,0.02,2.52,2.5,0.09457762587961399,0.31959502830412706
2014-10-31,2018.050048828125,6737.48,84.4,0.02,2.35,2.33,0.1844781983756287,0.24356519390665618
2014-11-30,2067.56005859375,6712.85,75.79,0.02,2.18,2.16,0.055173366003373615,0.22289712741052062
2014-12-31,2058.89990234375,6446.45,59.29,0.03,2.17,2.14,0.15657039489954105,0.219891205804404
2015-01-31,1994.989990234375,5830.54,47.22,0.03,1.68,1.65,0.16852202661293897,0.3172170638496924
2015-02-28,2104.5,5729.27,50.58,0.02,2.0,1.98,0.10954289927542749,0.3486932046800931
2015-03-31,2067.889892578125,5939.67,47.82,0.03,1.94,1.91,0.14453981340893632,0.3360516237203485
2015-04-30,2085.510009765625,6042.09,54.45,0.02,2.05,2.03,0.08479719886856821,0.3176519289875941
2015-05-31,2107.389892578125,6294.78,59.27,0.02,2.12,2.1,0.11166273738934093,0.2106302720801106
2015-06-30,2063.110107421875,5833.01,59.82,0.02,2.35,2.33,0.11354656276111258,0.15425128952536551
2015-07-31,2103.840087890625,5456.75,50.9,0.03,2.2,2.1700000000000004,0.11790944122884406,0.14729723611534093
2015-08-31,1972.1800537109375,5127.3,42.87,0.07,2.21,2.14,0.2671857819296557,0.13301783998498398
2015-09-30,1920.030029296875,5217.25,45.48,0.02,2.06,2.04,0.2251801196136389,0.15382038742277562
2015-10-31,2079.360107421875,5216.09,46.22,0.02,2.16,2.14,0.12902433455125822,0.18037659366713057
2015-11-30,2080.409912109375,4799.9,42.44,0.12,2.21,2.09,0.11991421120640101,0.17475083320587215
2015-12-31,2043.93994140625,4638.83,37.19,0.23,2.27,2.04,0.18409755165136696,0.17039997275649513
2016-01-31,1940.239990234375,4471.79,31.68,0.26,1.94,1.68,0.2308952487909648,0.2083959472179979
2016-02-29,1932.22998046875,4598.62,30.32,0.31,1.74,1.43,0.2005385352753511,0.2184379652391804
2016-03-31,2059.739990234375,4953.8,37.55,0.29,1.78,1.49,0.0887896821437413,0.2232430764786629
2016-04-30,2065.300048828125,4872.74,40.75,0.23,1.83,1.6,0.10147887905758779,0.23179961625499998
2016-05-31,2096.949951171875,4694.54,46.71,0.27,1.84,1.57,0.1113384596528596,0.2233839563279242
2016-06-30,2098.860107421875,4641.97,48.76,0.27,1.49,1.22,0.18993316436349847,0.2790687077399882
2016-07-31,2173.60009765625,4864.9,44.65,0.3,1.46,1.16,0.0831181785734433,0.26221532351790255
2016-08-31,2170.949951171875,4751.67,44.72,0.3,1.58,1.28,0.054419413969396285,0.3044794402842432
2016-09-30,2168.27001953125,4722.2,45.18,0.29,1.6,1.31,0.1451934454451668,0.31688088500024314
2016-10-31,2126.14990234375,4731.26,49.78,0.33,1.84,1.51,0.06603366824118449,0.2862732644050786
2016-11-30,2198.81005859375,5450.93,45.66,0.45,2.37,1.9200000000000002,0.10596113591453606,0.30875456229272624
2016-12-31,2238.830078125,5660.35,51.97,0.51,2.45,1.9400000000000002,0.08001111960722086,0.2990678450366175
2017-01-31,2278.8701171875,5754.56,52.5,0.51,2.45,1.9400000000000002,0.06628505497646504,0.24770798287765794
2017-02-28,2363.639892578125,5940.91,53.47,0.52,2.36,1.8399999999999999,0.05249574069586293,0.2368095692134876
2017-03-31,2362.719970703125,5824.63,49.33,0.74,2.4,1.66,0.06650349374120142,0.23519506544163146
2017-04-30,2384.199951171875,5683.9,51.06,0.8,2.29,1.49,0.07095383324536943,0.23326336276666718
2017-05-31,2411.800048828125,5599.56,48.48,0.89,2.21,1.3199999999999998,0.07899909527137706,0.24759065042238698
2017-06-30,2423.409912109375,5719.76,45.18,0.98,2.31,1.33,0.0700938325102197,0.24294472267922357
2017-07-31,2470.300048828125,5985.12,46.63,1.07,2.3,1.2299999999999998,0.05505269195417181,0.25060221593645354
2017-08-31,2471.64990234375,6485.63,48.04,1.01,2.12,1.11,0.09701273739452242,0.2973697072497003
2017-09-30,2519.360107421875,6577.17,49.82,1.03,2.33,1.3,0.05726838039562026,0.3313198271379956
2017-10-31,2575.260009765625,6807.6,51.58,1.07,2.38,1.3099999999999998,0.04859340061123492,0.35283411578276414
2017-11-30,2647.580078125,6826.55,56.64,1.23,2.42,1.19,0.06333325060984238,0.37585001383310823
2017-12-31,2673.610107421875,6833.89,57.88,1.32,2.4,1.0799999999999998,0.06103025062082674,0.3752798736701283
2018-01-31,2823.81005859375,7065.85,63.7,1.41,2.72,1.3100000000000003,0.08909462763966047,0.36574480878452237
2018-02-28,2713.830078125,7006.52,62.23,1.57,2.87,1.3,0.2602069858955566,0.2654434134791854
2018-03-31,2640.8701171875,6799.18,62.73,1.7,2.74,1.0400000000000003,0.20128323883409355,0.2789365508481167
2018-04-30,2648.050048828125,6851.51,66.25,1.76,2.95,1.1900000000000002,0.17251261089742972,0.26987527644357123
2018-05-31,2705.27001953125,6825.27,69.98,1.86,2.83,0.97,0.10640040640410212,0.25453870880183443
2018-06-30,2718.3701171875,6965.86,67.87,1.9,2.85,0.9500000000000002,0.08850003890074302,0.29879540464692134
2018-07-31,2816.2900390625,6250.75,70.98,1.96,2.96,1.0,0.08648995374760789,0.3241962767387724
2018-08-31,2901.52001953125,6051.05,68.06,2.03,2.86,0.8300000000000001,0.07216562909043611,0.33116549609291157
2018-09-30,2913.97998046875,6050.76,70.23,2.13,3.05,0.9199999999999999,0.05609335396818232,0.2911518558151716
2018-10-31,2711.739990234375,6219.59,70.75,2.25,3.15,0.8999999999999999,0.23307316429283176,0.21664161452039257
2018-11-30,2760.169921875,6195.92,56.96,2.33,3.01,0.6799999999999997,0.18849706914748224,0.20479602233251099
2018-12-31,2506.85009765625,6075.32,49.52,2.37,2.69,0.31999999999999984,0.28629459128149404,0.3397078181899467
2019-01-31,2704.10009765625,5939.1,51.38,2.37,2.63,0.2599999999999998,0.18537593700366897,0.21759076445947606
2019-02-28,2784.489990234375,6300.49,54.95,2.39,2.73,0.33999999999999986,0.09463270638439739,0.2128122972305128
2019-03-31,2834.39990234375,6439.46,58.15,2.4,2.41,0.010000000000000231,0.1172502539854343,0.19104462460396276
2019-04-30,2945.830078125,6438.36,63.86,2.38,2.51,0.1299999999999999,0.06178294855776804,0.20182268036168627
2019-05-31,2752.06005859375,6017.9,60.83,2.35,2.14,-0.20999999999999996,0.14225680610426347,0.3047763284193929
2019-06-30,2941.760009765625,5882.23,54.66,2.17,2.0,-0.16999999999999993,0.11773503857275472,0.25166291539852664
2019-07-31,2980.3798828125,5941.2,57.35,2.1,2.02,-0.08000000000000007,0.08196136129895736,0.25915721804817804
2019-08-31,2926.4599609375,5709.44,54.81,1.95,1.5,-0.44999999999999996,0.23118876861825527,0.29476935104814395
2019-09-30,2976.739990234375,5759.25,56.95,1.89,1.68,-0.20999999999999996,0.08625304338150339,0.2982251549862905
2019-10-31,3037.56005859375,5757.3,53.96,1.65,1.69,0.040000000000000036,0.1073706280817351,0.33684955443368936
2019-11-30,3140.97998046875,5859.95,57.03,1.54,1.78,0.24,0.058421818645588375,0.3294188863935974
2019-12-31,3230.780029296875,6077.06,59.88,1.54,1.92,0.3799999999999999,0.07645010881112699,0.3356382341253871
2020-01-31,3225.52001953125,6031.21,57.52,1.52,1.51,-0.010000000000000009,0.11873922371481938,0.33436757248844906
2020-02-29,2954.219970703125,5687.75,50.54,1.52,1.13,-0.3900000000000001,0.24137198164063928,0.42306134088541697
2020-03-31,2584.590087890625,5182.63,29.21,0.29,0.7,0.41,0.9395830648067192,0.5075283069432474
2020-04-30,2912.429931640625,5057.97,16.55,0.14,0.64,0.5,0.4131330966871886,0.4563225099805138
2020-05-31,3044.31005859375,5239.83,28.56,0.13,0.65,0.52,0.22699826253439995,0.45839366627922773
2020-06-30,3100.2900390625,5754.6,38.31,0.16,0.66,0.5,0.3007536718086271,0.46367698134991897
2020-07-31,3271.1201171875,6372.46,40.71,0.13,0.55,0.42000000000000004,0.13593072487186883,0.4485074409305911
2020-08-31,3500.31005859375,6498.94,42.34,0.1,0.72,0.62,0.08114852361682294,0.466818985659931
2020-09-30,3363.0,6704.9,39.63,0.11,0.69,0.58,0.24695772343036027,0.4626863104092813
2020-10-31,3269.9599609375,6713.81,39.4,0.1,0.88,0.78,0.21253838094017546,0.4269638845894492
2020-11-30,3621.6298828125,7068.91,40.94,0.09,0.84,0.75,0.16809882165847376,0.4046281946237874
2020-12-31,3756.070068359375,7772.24,47.02,0.09,0.93,0.8400000000000001,0.08095517959005509,0.4098863110793301
2021-01-31,3714.239990234375,7972.15,52.0,0.08,1.11,1.03,0.16346048183142176,0.3688240007035917
2021-02-28,3811.14990234375,8470.94,59.04,0.04,1.44,1.4,0.15698016021219824,0.39962079632332886
2021-03-31,3972.889892578125,8988.25,62.33,0.03,1.74,1.71,0.15088995026677823,0.40426001872018247
2021-04-30,4181.169921875,9324.82,61.72,0.02,1.65,1.63,0.10838775356252903,0.40913971405024063
2021-05-31,4204.10986328125,10161.97,65.17,0.02,1.58,1.56,0.1396686962197222,0.41223269361276926
2021-06-30,4297.5,9631.5,71.38,0.04,1.45,1.41,0.0856672759695116,0.41093387635883977
2021-07-31,4395.259765625,9450.82,72.49,0.05,1.24,1.19,0.11765769091627239,0.39914767794060446
2021-08-31,4522.68017578125,9370.14,67.73,0.05,1.3,1.25,0.08383166766755609,0.40444593260116746
2021-09-30,4307.5400390625,9324.71,71.65,0.04,1.52,1.48,0.127172675397042,0.3615738198291397
2021-10-31,4605.3798828125,9829.22,81.48,0.05,1.55,1.5,0.10851697855147491,0.4106350099566966
2021-11-30,4567.0,9728.9,79.15,0.05,1.43,1.38,0.1291526568734631,0.4149348551587172
2021-12-31,4766.18017578125,9551.18,71.71,0.06,1.52,1.46,0.16765391074233485,0.37527562107225493
2022-01-31,4515.5498046875,9782.34,83.22,0.15,1.79,1.6400000000000001,0.18243902053808314,0.3133451842127145
2022-02-28,4373.93994140625,9943.17,91.64,0.33,1.83,1.5,0.24120615453706956,0.298648701008702
2022-03-31,4530.41015625,10230.89,108.5,0.44,2.32,1.88,0.2273895354942277,0.31397947813860777
2022-04-30,4131.93017578125,10161.38,101.78,0.76,2.89,2.13,0.24190404669188806,0.1468220184197533
2022-05-31,4132.14990234375,9377.15,109.55,0.98,2.85,1.87,0.3126771034434132,0.08906906682160473
2022-06-30,3785.3798828125,9024.46,114.84,1.49,2.98,1.49,0.2941560713173995,0.0857585607090691
2022-07-31,4130.2900390625,7544.81,101.62,2.23,2.67,0.43999999999999995,0.19310730012773342,0.022954456258909704
2022-08-31,3955.0,7981.84,93.67,2.63,3.15,0.52,0.20227406535879436,-0.06181282211967399
2022-09-30,3585.6201171875,7746.01,84.26,3.13,3.83,0.7000000000000002,0.2380894887470086,-0.1773173573754279
2022-10-31,3871.97998046875,7651.08,87.55,3.72,4.1,0.37999999999999945,0.2794707149260074,-0.14348954148931378
2022-11-30,4080.110107421875,8049.86,84.37,4.15,3.68,-0.4700000000000002,0.27941426314294776,-0.17530060491387073
2022-12-31,3839.5,8375.4,76.44,4.25,3.88,-0.3700000000000001,0.17865845941848685,-0.19198024224355156
2023-01-31,4076.60009765625,9037.95,78.12,4.54,3.52,-1.02,0.16381737355309278,-0.23740566166200097
2023-02-28,3970.14990234375,8936.59,76.83,4.65,3.92,-0.7300000000000004,0.16249992342838387,-0.3446037791649617
2023-03-31,4109.31005859375,8856.31,73.28,4.69,3.48,-1.2100000000000004,0.18640438456001512,-0.5299932193169891
2023-04-30,4169.47998046875,8809.42,79.45,4.92,3.44,-1.48,0.12352501624657648,-0.5338108294001527
2023-05-31,4179.830078125,8217.47,71.58,5.14,3.64,-1.4999999999999996,0.13131960397979955,-0.5330024106806432
2023-06-30,4450.3798828125,8396.52,70.25,5.16,3.81,-1.35,0.1078546171433164,-0.5143685574816826
2023-07-31,4588.9599609375,8476.68,76.07,5.25,3.97,-1.2799999999999998,0.08686870364994233,-0.5010389082260895
2023-08-31,4507.66015625,8349.13,81.39,5.3,4.09,-1.21,0.1197384216411049,-0.5206261177915247
2023-09-30,4288.0498046875,8276.71,89.43,5.32,4.59,-0.7300000000000004,0.10657982622110529,-0.5624690064328032
2023-10-31,4193.7998046875,7937.18,85.64,5.34,4.88,-0.45999999999999996,0.14445586768577617,-0.5659923058964821
2023-11-30,4567.7998046875,8189.59,77.69,5.27,4.37,-0.8999999999999995,0.11159825193131409,-0.6097470064877485
2023-12-31,4769.830078125,8399.94,71.9,5.24,3.88,-1.3600000000000003,0.09418733387114335,-0.6151912515763004
2024-01-31,4845.64990234375,8338.88,74.15,5.22,3.99,-1.2299999999999995,0.11037737063079492,-0.6131739911340665
2024-02-29,5096.27001953125,8304.95,77.25,5.24,4.25,-0.9900000000000002,0.13545183020583346,-0.6044616972364976
2024-03-31,5254.35009765625,8689.13,81.28,5.24,4.2,-1.04,0.09701067792822014,-0.6289134773711457
2024-04-30,5035.68994140625,9464.43,85.35,5.24,4.69,-0.5499999999999998,0.13649032587915919,-0.6373889212846234
2024-05-31,5277.509765625,10139.33,80.02,5.25,4.51,-0.7400000000000002,0.09352694314406507,-0.6469402646401933
2024-06-30,5460.47998046875,9648.17,79.77,5.24,4.36,-0.8799999999999999,0.07039103309953595,-0.6499289416718733
2024-07-31,5522.2998046875,9385.31,81.8,5.2,4.09,-1.1100000000000003,0.14791697531870204,-0.6415721149467798
2024-08-31,5648.39990234375,8971.96,76.68,5.05,3.91,-1.1399999999999997,0.19208922903005443,-0.6426431425093174
2024-09-30,5762.47998046875,9237.48,70.24,4.72,3.81,-0.9099999999999997,0.13849850091548035,-0.6412356729359406
2024-10-31,5705.4501953125,9533.99,71.99,4.51,4.28,-0.22999999999999954,0.11085715027320454,-0.6481219875225863
2024-11-30,6032.3798828125,9075.73,69.95,4.42,4.18,-0.2400000000000002,0.13942015970956598,-0.6616590106819424
2024-12-31,5881.6298828125,8916.32,70.12,4.27,4.58,0.3100000000000005,0.14264781035609517,-0.6721945616761661
2025-01-31,6040.52978515625,,75.74,4.21,4.58,0.3700000000000001,0.13827865316437102,-0.6703423197822722
2025-02-28,5954.5,,71.53,4.22,4.24,0.020000000000000462,0.1282511093522478,-0.6452891288370725
2025-03-31,5611.85009765625,,68.24,4.2,4.23,0.03000000000000025,0.2062035997599502,-0.6592136885174554
2025-04-30,5569.06005859375,,63.54,4.21,4.17,-0.040000000000000036,0.4936144996880828,-0.6220435104244199
2025-05-31,5659.91015625,,,,4.45,,0.21874097245647028,-0.6161159572710438
